"Net Code";"Net Name";"Pad Count";"Via Count";"Via Length";"Track Length";"Die Length";"Net Length";"F.Cu";"In1.Cu";"In2.Cu";"In3.Cu";"In4.Cu";"In5.Cu";"In6.Cu";"In7.Cu";"In8.Cu";"In9.Cu";"In10.Cu";"B.Cu";
001;"GND";652;675;978.0950 mm;590.2969 mm;81.8830 mm;1650.2749 mm;449.6627 mm;0.0000 mm;0.0000 mm;0.0000 mm;0.0000 mm;0.0000 mm;0.0000 mm;0.0000 mm;0.0000 mm;0.0000 mm;0.0000 mm;140.6342 mm;
002;"/Debug FTDI/VBUS";8;0;0.0000 mm;17.9824 mm;0.0000 mm;17.9824 mm;17.9824 mm;0.0000 mm;0.0000 mm;0.0000 mm;0.0000 mm;0.0000 mm;0.0000 mm;0.0000 mm;0.0000 mm;0.0000 mm;0.0000 mm;0.0000 mm;
003;"/Debug FTDI/FTDI_VPLL";4;0;0.0000 mm;5.5231 mm;0.0000 mm;5.5231 mm;5.5231 mm;0.0000 mm;0.0000 mm;0.0000 mm;0.0000 mm;0.0000 mm;0.0000 mm;0.0000 mm;0.0000 mm;0.0000 mm;0.0000 mm;0.0000 mm;
004;"/Debug FTDI/FTDI_XI";3;0;0.0000 mm;6.7437 mm;0.0000 mm;6.7437 mm;6.7437 mm;0.0000 mm;0.0000 mm;0.0000 mm;0.0000 mm;0.0000 mm;0.0000 mm;0.0000 mm;0.0000 mm;0.0000 mm;0.0000 mm;0.0000 mm;
005;"/Debug FTDI/FTDI_VPHY";4;0;0.0000 mm;5.8148 mm;0.0000 mm;5.8148 mm;5.8148 mm;0.0000 mm;0.0000 mm;0.0000 mm;0.0000 mm;0.0000 mm;0.0000 mm;0.0000 mm;0.0000 mm;0.0000 mm;0.0000 mm;0.0000 mm;
006;"/Debug FTDI/FTDI_3V3";27;17;24.8800 mm;67.1864 mm;0.0000 mm;92.0664 mm;35.8287 mm;0.0000 mm;0.0000 mm;0.0000 mm;0.0000 mm;0.0000 mm;0.0000 mm;0.0000 mm;0.0000 mm;0.0000 mm;0.0000 mm;31.3576 mm;
007;"/Debug FTDI/FTDI_XO";3;0;0.0000 mm;10.5550 mm;0.0000 mm;10.5550 mm;10.5550 mm;0.0000 mm;0.0000 mm;0.0000 mm;0.0000 mm;0.0000 mm;0.0000 mm;0.0000 mm;0.0000 mm;0.0000 mm;0.0000 mm;0.0000 mm;
008;"/Debug FTDI/FTDI_VCORE";6;3;4.6650 mm;30.6220 mm;0.0000 mm;35.2870 mm;12.9409 mm;0.0000 mm;0.0000 mm;0.0000 mm;0.0000 mm;0.0000 mm;0.0000 mm;0.0000 mm;0.0000 mm;0.0000 mm;0.0000 mm;17.6811 mm;
010;"/FPGA banks HP/VREF";10;6;9.3300 mm;8.7219 mm;103.7540 mm;121.8059 mm;4.2384 mm;0.0000 mm;0.0000 mm;0.0000 mm;0.0000 mm;0.0000 mm;0.0000 mm;0.0000 mm;0.0000 mm;0.0000 mm;0.0000 mm;4.4835 mm;
013;"Net-(C234-Pad1)";4;0;0.0000 mm;21.1179 mm;0.0000 mm;21.1179 mm;0.0000 mm;0.0000 mm;0.0000 mm;0.0000 mm;0.0000 mm;0.0000 mm;0.0000 mm;0.0000 mm;0.0000 mm;0.0000 mm;0.0000 mm;21.1179 mm;
014;"Net-(D8-Pad2)";2;0;0.0000 mm;2.2650 mm;0.0000 mm;2.2650 mm;2.2650 mm;0.0000 mm;0.0000 mm;0.0000 mm;0.0000 mm;0.0000 mm;0.0000 mm;0.0000 mm;0.0000 mm;0.0000 mm;0.0000 mm;0.0000 mm;
016;"/Supply/spare_local";6;0;0.0000 mm;0.0000 mm;0.0000 mm;0.0000 mm;0.0000 mm;0.0000 mm;0.0000 mm;0.0000 mm;0.0000 mm;0.0000 mm;0.0000 mm;0.0000 mm;0.0000 mm;0.0000 mm;0.0000 mm;0.0000 mm;
017;"DAC_VREF";3;2;3.1100 mm;48.5585 mm;0.0000 mm;51.6685 mm;2.7979 mm;0.0000 mm;0.0000 mm;0.0000 mm;0.0000 mm;0.0000 mm;0.0000 mm;0.0000 mm;0.0000 mm;0.0000 mm;0.0000 mm;45.7606 mm;
018;"/Debug FTDI/FTDI_SDA_OUT";2;0;0.0000 mm;1.8409 mm;0.0000 mm;1.8409 mm;1.8409 mm;0.0000 mm;0.0000 mm;0.0000 mm;0.0000 mm;0.0000 mm;0.0000 mm;0.0000 mm;0.0000 mm;0.0000 mm;0.0000 mm;0.0000 mm;
019;"VDC";21;65;99.5200 mm;13.6254 mm;0.0000 mm;113.1454 mm;9.1083 mm;0.0000 mm;0.0000 mm;0.0000 mm;0.0000 mm;0.0000 mm;0.0000 mm;0.0000 mm;0.0000 mm;0.0000 mm;0.0000 mm;4.5171 mm;
020;"/Supply/QDCDC1_VCC";2;1;1.5550 mm;1.8286 mm;0.0000 mm;3.3836 mm;0.8625 mm;0.0000 mm;0.0000 mm;0.0000 mm;0.0000 mm;0.0000 mm;0.0000 mm;0.0000 mm;0.0000 mm;0.0000 mm;0.0000 mm;0.9661 mm;
021;"/Supply/QDCDC2_VCC";2;1;1.5550 mm;1.8831 mm;0.0000 mm;3.4381 mm;0.9737 mm;0.0000 mm;0.0000 mm;0.0000 mm;0.0000 mm;0.0000 mm;0.0000 mm;0.0000 mm;0.0000 mm;0.0000 mm;0.0000 mm;0.9094 mm;
022;"+3V3_AON";23;23;14.2990 mm;222.4715 mm;0.0000 mm;236.7705 mm;14.2935 mm;0.0000 mm;0.0000 mm;0.0000 mm;0.0000 mm;0.0000 mm;0.0000 mm;0.0000 mm;0.0000 mm;56.8385 mm;0.0000 mm;151.3395 mm;
023;"/Supply/MGTAVCC_local";7;0;0.0000 mm;8.0951 mm;0.0000 mm;8.0951 mm;8.0951 mm;0.0000 mm;0.0000 mm;0.0000 mm;0.0000 mm;0.0000 mm;0.0000 mm;0.0000 mm;0.0000 mm;0.0000 mm;0.0000 mm;0.0000 mm;
024;"/Debug FTDI/FTDI_SDA_IN";3;0;0.0000 mm;2.6140 mm;0.0000 mm;2.6140 mm;2.6140 mm;0.0000 mm;0.0000 mm;0.0000 mm;0.0000 mm;0.0000 mm;0.0000 mm;0.0000 mm;0.0000 mm;0.0000 mm;0.0000 mm;0.0000 mm;
025;"/FPGA bank 14/EMCCLK";2;1;1.5550 mm;3.5635 mm;24.0390 mm;29.1575 mm;0.7064 mm;0.0000 mm;0.0000 mm;0.0000 mm;0.0000 mm;0.0000 mm;0.0000 mm;0.0000 mm;0.0000 mm;0.0000 mm;0.0000 mm;2.8571 mm;
026;"/Debug FTDI/JTAG.TMS";5;3;3.1015 mm;95.9318 mm;12.8910 mm;111.9243 mm;9.2156 mm;0.0000 mm;0.0000 mm;0.0000 mm;20.0024 mm;0.0000 mm;0.0000 mm;0.0000 mm;0.0000 mm;66.7138 mm;0.0000 mm;0.0000 mm;
027;"/Debug FTDI/JTAG.TCK";5;3;3.1015 mm;96.2737 mm;14.6280 mm;114.0032 mm;6.8706 mm;0.0000 mm;0.0000 mm;0.0000 mm;21.2256 mm;0.0000 mm;0.0000 mm;0.0000 mm;0.0000 mm;68.1776 mm;0.0000 mm;0.0000 mm;
028;"/Debug FTDI/JTAG.TDO";5;3;3.1015 mm;101.8522 mm;15.0180 mm;119.9717 mm;6.3563 mm;0.0000 mm;0.0000 mm;0.0000 mm;20.2345 mm;0.0000 mm;0.0000 mm;0.0000 mm;0.0000 mm;75.2614 mm;0.0000 mm;0.0000 mm;
029;"/Debug FTDI/JTAG.TDI";5;3;3.1015 mm;105.9759 mm;16.3380 mm;125.4154 mm;7.0404 mm;0.0000 mm;0.0000 mm;0.0000 mm;17.8917 mm;0.0000 mm;0.0000 mm;0.0000 mm;0.0000 mm;81.0438 mm;0.0000 mm;0.0000 mm;
030;"/DDR5 SODIMM/HSA";2;2;0.5690 mm;14.9756 mm;0.0000 mm;15.5446 mm;2.0889 mm;0.0000 mm;12.8867 mm;0.0000 mm;0.0000 mm;0.0000 mm;0.0000 mm;0.0000 mm;0.0000 mm;0.0000 mm;0.0000 mm;0.0000 mm;
031;"/DDR5 SODIMM/DDR.SCL";3;2;1.8395 mm;13.6449 mm;0.0000 mm;15.4844 mm;4.3740 mm;0.0000 mm;9.2353 mm;0.0000 mm;0.0000 mm;0.0000 mm;0.0000 mm;0.0000 mm;0.0000 mm;0.0000 mm;0.0000 mm;0.0356 mm;
032;"/Supply/1V8_local";7;0;0.0000 mm;7.3640 mm;0.0000 mm;7.3640 mm;7.3640 mm;0.0000 mm;0.0000 mm;0.0000 mm;0.0000 mm;0.0000 mm;0.0000 mm;0.0000 mm;0.0000 mm;0.0000 mm;0.0000 mm;0.0000 mm;
033;"/Supply/3V3_local";7;0;0.0000 mm;8.2656 mm;0.0000 mm;8.2656 mm;8.2656 mm;0.0000 mm;0.0000 mm;0.0000 mm;0.0000 mm;0.0000 mm;0.0000 mm;0.0000 mm;0.0000 mm;0.0000 mm;0.0000 mm;0.0000 mm;
034;"/Supply/1V1_local";6;0;0.0000 mm;0.0000 mm;0.0000 mm;0.0000 mm;0.0000 mm;0.0000 mm;0.0000 mm;0.0000 mm;0.0000 mm;0.0000 mm;0.0000 mm;0.0000 mm;0.0000 mm;0.0000 mm;0.0000 mm;0.0000 mm;
035;"/DDR5 SODIMM/DDR.SDA";3;2;0.5690 mm;13.0915 mm;0.0000 mm;13.6605 mm;4.3747 mm;0.0000 mm;8.7169 mm;0.0000 mm;0.0000 mm;0.0000 mm;0.0000 mm;0.0000 mm;0.0000 mm;0.0000 mm;0.0000 mm;0.0000 mm;
036;"/DDR5 SODIMM/A.DQ0";2;2;0.5690 mm;89.0638 mm;12.5580 mm;102.1908 mm;2.3115 mm;0.0000 mm;86.7523 mm;0.0000 mm;0.0000 mm;0.0000 mm;0.0000 mm;0.0000 mm;0.0000 mm;0.0000 mm;0.0000 mm;0.0000 mm;
037;"/Supply/1V2_local";6;0;0.0000 mm;0.0000 mm;0.0000 mm;0.0000 mm;0.0000 mm;0.0000 mm;0.0000 mm;0.0000 mm;0.0000 mm;0.0000 mm;0.0000 mm;0.0000 mm;0.0000 mm;0.0000 mm;0.0000 mm;0.0000 mm;
038;"/DDR5 SODIMM/A.DQ1";2;2;0.5690 mm;82.8037 mm;18.8180 mm;102.1907 mm;2.3103 mm;0.0000 mm;80.4934 mm;0.0000 mm;0.0000 mm;0.0000 mm;0.0000 mm;0.0000 mm;0.0000 mm;0.0000 mm;0.0000 mm;0.0000 mm;
039;"/Supply/1V7_local";6;0;0.0000 mm;0.0000 mm;0.0000 mm;0.0000 mm;0.0000 mm;0.0000 mm;0.0000 mm;0.0000 mm;0.0000 mm;0.0000 mm;0.0000 mm;0.0000 mm;0.0000 mm;0.0000 mm;0.0000 mm;0.0000 mm;
040;"/DDR5 SODIMM/A.DQ2";2;2;0.5690 mm;83.1518 mm;18.4700 mm;102.1908 mm;2.1096 mm;0.0000 mm;81.0423 mm;0.0000 mm;0.0000 mm;0.0000 mm;0.0000 mm;0.0000 mm;0.0000 mm;0.0000 mm;0.0000 mm;0.0000 mm;
041;"/Supply/5V_local";7;0;0.0000 mm;7.5524 mm;0.0000 mm;7.5524 mm;7.5524 mm;0.0000 mm;0.0000 mm;0.0000 mm;0.0000 mm;0.0000 mm;0.0000 mm;0.0000 mm;0.0000 mm;0.0000 mm;0.0000 mm;0.0000 mm;
042;"/DDR5 SODIMM/A.DQ3";2;2;0.5690 mm;84.0309 mm;17.5070 mm;102.1069 mm;2.1103 mm;0.0000 mm;81.9206 mm;0.0000 mm;0.0000 mm;0.0000 mm;0.0000 mm;0.0000 mm;0.0000 mm;0.0000 mm;0.0000 mm;0.0000 mm;
043;"/Supply/SEQ_EN";4;1;1.5550 mm;43.8986 mm;0.0000 mm;45.4536 mm;43.0657 mm;0.0000 mm;0.0000 mm;0.0000 mm;0.0000 mm;0.0000 mm;0.0000 mm;0.0000 mm;0.0000 mm;0.0000 mm;0.0000 mm;0.8329 mm;
044;"/Supply/1V0_VCC";2;0;0.0000 mm;1.5633 mm;0.0000 mm;1.5633 mm;1.5633 mm;0.0000 mm;0.0000 mm;0.0000 mm;0.0000 mm;0.0000 mm;0.0000 mm;0.0000 mm;0.0000 mm;0.0000 mm;0.0000 mm;0.0000 mm;
045;"/Supply/1V7";6;2;3.1100 mm;7.0457 mm;0.0000 mm;10.1557 mm;7.0457 mm;0.0000 mm;0.0000 mm;0.0000 mm;0.0000 mm;0.0000 mm;0.0000 mm;0.0000 mm;0.0000 mm;0.0000 mm;0.0000 mm;0.0000 mm;
046;"/DDR5 SODIMM/A.~{DM0}";2;2;0.5690 mm;83.6171 mm;18.0050 mm;102.1911 mm;2.1106 mm;0.0000 mm;81.5064 mm;0.0000 mm;0.0000 mm;0.0000 mm;0.0000 mm;0.0000 mm;0.0000 mm;0.0000 mm;0.0000 mm;0.0000 mm;
047;"/Supply/1V0_SW";3;0;0.0000 mm;0.0000 mm;0.0000 mm;0.0000 mm;0.0000 mm;0.0000 mm;0.0000 mm;0.0000 mm;0.0000 mm;0.0000 mm;0.0000 mm;0.0000 mm;0.0000 mm;0.0000 mm;0.0000 mm;0.0000 mm;
048;"/Supply/1V0_BS";2;0;0.0000 mm;2.2318 mm;0.0000 mm;2.2318 mm;2.2318 mm;0.0000 mm;0.0000 mm;0.0000 mm;0.0000 mm;0.0000 mm;0.0000 mm;0.0000 mm;0.0000 mm;0.0000 mm;0.0000 mm;0.0000 mm;
049;"/DDR5 SODIMM/A.DQS0_N";2;2;0.5690 mm;85.1845 mm;16.4370 mm;102.1905 mm;2.4289 mm;0.0000 mm;82.7555 mm;0.0000 mm;0.0000 mm;0.0000 mm;0.0000 mm;0.0000 mm;0.0000 mm;0.0000 mm;0.0000 mm;0.0000 mm;
050;"/DDR5 SODIMM/A.DQS0_P";2;2;0.5690 mm;85.1911 mm;16.4310 mm;102.1911 mm;2.4289 mm;0.0000 mm;82.7622 mm;0.0000 mm;0.0000 mm;0.0000 mm;0.0000 mm;0.0000 mm;0.0000 mm;0.0000 mm;0.0000 mm;0.0000 mm;
051;"/DDR5 SODIMM/A.DQ4";2;2;0.5690 mm;88.0749 mm;13.5470 mm;102.1909 mm;2.2969 mm;0.0000 mm;85.7780 mm;0.0000 mm;0.0000 mm;0.0000 mm;0.0000 mm;0.0000 mm;0.0000 mm;0.0000 mm;0.0000 mm;0.0000 mm;
052;"/DDR5 SODIMM/A.DQ5";2;2;0.5690 mm;85.7688 mm;15.8530 mm;102.1908 mm;2.2880 mm;0.0000 mm;83.4808 mm;0.0000 mm;0.0000 mm;0.0000 mm;0.0000 mm;0.0000 mm;0.0000 mm;0.0000 mm;0.0000 mm;0.0000 mm;
053;"/DDR5 SODIMM/A.DQ6";2;2;0.5690 mm;86.5540 mm;15.0680 mm;102.1910 mm;2.1118 mm;0.0000 mm;84.4422 mm;0.0000 mm;0.0000 mm;0.0000 mm;0.0000 mm;0.0000 mm;0.0000 mm;0.0000 mm;0.0000 mm;0.0000 mm;
054;"/DDR5 SODIMM/A.DQ7";2;2;0.5690 mm;89.1807 mm;12.4410 mm;102.1907 mm;2.1108 mm;0.0000 mm;87.0699 mm;0.0000 mm;0.0000 mm;0.0000 mm;0.0000 mm;0.0000 mm;0.0000 mm;0.0000 mm;0.0000 mm;0.0000 mm;
055;"/DDR5 SODIMM/A.DQ8";2;2;1.1210 mm;84.3609 mm;16.7090 mm;102.1909 mm;2.2868 mm;0.0000 mm;0.0000 mm;0.0000 mm;82.0741 mm;0.0000 mm;0.0000 mm;0.0000 mm;0.0000 mm;0.0000 mm;0.0000 mm;0.0000 mm;
056;"/Supply/1V0_SS";2;0;0.0000 mm;2.8704 mm;0.0000 mm;2.8704 mm;2.8704 mm;0.0000 mm;0.0000 mm;0.0000 mm;0.0000 mm;0.0000 mm;0.0000 mm;0.0000 mm;0.0000 mm;0.0000 mm;0.0000 mm;0.0000 mm;
057;"/Supply/MGTAVTT_OUT";4;2;1.5550 mm;2.4023 mm;0.0000 mm;3.9573 mm;0.6012 mm;0.0000 mm;1.8010 mm;0.0000 mm;0.0000 mm;0.0000 mm;0.0000 mm;0.0000 mm;0.0000 mm;0.0000 mm;0.0000 mm;0.0000 mm;
058;"/DDR5 SODIMM/A.DQ9";2;2;1.1210 mm;80.0169 mm;21.0530 mm;102.1909 mm;2.2861 mm;0.0000 mm;0.0000 mm;0.0000 mm;77.7308 mm;0.0000 mm;0.0000 mm;0.0000 mm;0.0000 mm;0.0000 mm;0.0000 mm;0.0000 mm;
059;"/Supply/1V0_REG";10;2;1.5550 mm;14.4281 mm;0.0000 mm;15.9831 mm;3.3002 mm;0.0000 mm;0.0000 mm;0.0000 mm;0.0000 mm;0.0000 mm;0.0000 mm;0.0000 mm;0.0000 mm;0.0000 mm;0.0000 mm;11.1279 mm;
060;"/DDR5 SODIMM/A.DQ10";2;2;1.1210 mm;81.6808 mm;19.3890 mm;102.1908 mm;2.1133 mm;0.0000 mm;0.0000 mm;0.0000 mm;79.5675 mm;0.0000 mm;0.0000 mm;0.0000 mm;0.0000 mm;0.0000 mm;0.0000 mm;0.0000 mm;
061;"/DDR5 SODIMM/A.DQ11";2;2;1.1210 mm;79.4379 mm;21.6320 mm;102.1909 mm;2.1343 mm;0.0000 mm;0.0000 mm;0.0000 mm;77.3036 mm;0.0000 mm;0.0000 mm;0.0000 mm;0.0000 mm;0.0000 mm;0.0000 mm;0.0000 mm;
062;"/DDR5 SODIMM/A.DQS1_N";2;2;1.1210 mm;79.1499 mm;21.9200 mm;102.1909 mm;2.2020 mm;0.0000 mm;0.0000 mm;0.0000 mm;76.9479 mm;0.0000 mm;0.0000 mm;0.0000 mm;0.0000 mm;0.0000 mm;0.0000 mm;0.0000 mm;
063;"/DDR5 SODIMM/A.DQS1_P";2;2;1.1210 mm;78.8557 mm;22.2140 mm;102.1907 mm;2.2020 mm;0.0000 mm;0.0000 mm;0.0000 mm;76.6536 mm;0.0000 mm;0.0000 mm;0.0000 mm;0.0000 mm;0.0000 mm;0.0000 mm;0.0000 mm;
064;"/DDR5 SODIMM/A.~{DM1}";2;2;1.1210 mm;78.7267 mm;22.3430 mm;102.1907 mm;2.2858 mm;0.0000 mm;0.0000 mm;0.0000 mm;76.4409 mm;0.0000 mm;0.0000 mm;0.0000 mm;0.0000 mm;0.0000 mm;0.0000 mm;0.0000 mm;
065;"/DDR5 SODIMM/A.DQ12";2;2;1.1210 mm;80.3179 mm;20.7520 mm;102.1909 mm;2.2927 mm;0.0000 mm;0.0000 mm;0.0000 mm;78.0251 mm;0.0000 mm;0.0000 mm;0.0000 mm;0.0000 mm;0.0000 mm;0.0000 mm;0.0000 mm;
066;"/DDR5 SODIMM/A.DQ13";2;2;1.1210 mm;80.6468 mm;20.4230 mm;102.1908 mm;2.2843 mm;0.0000 mm;0.0000 mm;0.0000 mm;78.3625 mm;0.0000 mm;0.0000 mm;0.0000 mm;0.0000 mm;0.0000 mm;0.0000 mm;0.0000 mm;
067;"/Supply/MGTAVCC_SEN_+";2;2;1.1210 mm;10.9091 mm;0.0000 mm;12.0301 mm;1.9925 mm;0.0000 mm;0.0000 mm;0.0000 mm;8.9165 mm;0.0000 mm;0.0000 mm;0.0000 mm;0.0000 mm;0.0000 mm;0.0000 mm;0.0000 mm;
068;"/DDR5 SODIMM/A.DQ14";2;2;1.1210 mm;81.0620 mm;20.0080 mm;102.1910 mm;2.0852 mm;0.0000 mm;0.0000 mm;0.0000 mm;78.9768 mm;0.0000 mm;0.0000 mm;0.0000 mm;0.0000 mm;0.0000 mm;0.0000 mm;0.0000 mm;
069;"/DDR5 SODIMM/A.DQ15";2;2;1.1210 mm;83.6898 mm;17.3800 mm;102.1908 mm;2.0856 mm;0.0000 mm;0.0000 mm;0.0000 mm;81.6043 mm;0.0000 mm;0.0000 mm;0.0000 mm;0.0000 mm;0.0000 mm;0.0000 mm;0.0000 mm;
070;"/DDR5 SODIMM/A.DQ16";2;2;0.5690 mm;61.6144 mm;14.7470 mm;76.9304 mm;2.3091 mm;0.0000 mm;59.3053 mm;0.0000 mm;0.0000 mm;0.0000 mm;0.0000 mm;0.0000 mm;0.0000 mm;0.0000 mm;0.0000 mm;0.0000 mm;
071;"/Supply/1V2_SEN_+";2;2;1.1210 mm;24.6893 mm;0.0000 mm;25.8103 mm;1.9893 mm;0.0000 mm;0.0000 mm;0.0000 mm;22.7000 mm;0.0000 mm;0.0000 mm;0.0000 mm;0.0000 mm;0.0000 mm;0.0000 mm;0.0000 mm;
072;"/DDR5 SODIMM/A.DQ17";2;2;0.5690 mm;58.8643 mm;17.4980 mm;76.9313 mm;2.3098 mm;0.0000 mm;56.5545 mm;0.0000 mm;0.0000 mm;0.0000 mm;0.0000 mm;0.0000 mm;0.0000 mm;0.0000 mm;0.0000 mm;0.0000 mm;
073;"/DDR5 SODIMM/A.DQ18";2;2;0.5690 mm;61.7937 mm;14.5720 mm;76.9347 mm;2.1108 mm;0.0000 mm;59.6830 mm;0.0000 mm;0.0000 mm;0.0000 mm;0.0000 mm;0.0000 mm;0.0000 mm;0.0000 mm;0.0000 mm;0.0000 mm;
074;"/DDR5 SODIMM/A.DQ19";2;2;0.5690 mm;58.9713 mm;17.3960 mm;76.9363 mm;2.1125 mm;0.0000 mm;56.8589 mm;0.0000 mm;0.0000 mm;0.0000 mm;0.0000 mm;0.0000 mm;0.0000 mm;0.0000 mm;0.0000 mm;0.0000 mm;
075;"/DDR5 SODIMM/A.~{DM2}";2;2;0.5690 mm;64.9014 mm;11.4670 mm;76.9374 mm;2.1136 mm;0.0000 mm;62.7878 mm;0.0000 mm;0.0000 mm;0.0000 mm;0.0000 mm;0.0000 mm;0.0000 mm;0.0000 mm;0.0000 mm;0.0000 mm;
076;"/DDR5 SODIMM/A.DQS2_N";2;2;0.5690 mm;63.2959 mm;13.0090 mm;76.8739 mm;2.4287 mm;0.0000 mm;60.8671 mm;0.0000 mm;0.0000 mm;0.0000 mm;0.0000 mm;0.0000 mm;0.0000 mm;0.0000 mm;0.0000 mm;0.0000 mm;
077;"/DDR5 SODIMM/A.DQS2_P";2;2;0.5690 mm;62.9427 mm;13.4230 mm;76.9347 mm;2.4287 mm;0.0000 mm;60.5140 mm;0.0000 mm;0.0000 mm;0.0000 mm;0.0000 mm;0.0000 mm;0.0000 mm;0.0000 mm;0.0000 mm;0.0000 mm;
078;"/DDR5 SODIMM/A.DQ20";2;2;0.5690 mm;58.5692 mm;17.8000 mm;76.9382 mm;2.3170 mm;0.0000 mm;56.2523 mm;0.0000 mm;0.0000 mm;0.0000 mm;0.0000 mm;0.0000 mm;0.0000 mm;0.0000 mm;0.0000 mm;0.0000 mm;
079;"/DDR5 SODIMM/A.DQ21";2;2;0.5690 mm;61.7109 mm;14.6520 mm;76.9319 mm;2.3104 mm;0.0000 mm;59.4004 mm;0.0000 mm;0.0000 mm;0.0000 mm;0.0000 mm;0.0000 mm;0.0000 mm;0.0000 mm;0.0000 mm;0.0000 mm;
080;"/DDR5 SODIMM/A.DQ22";2;2;0.5690 mm;60.4885 mm;15.8750 mm;76.9325 mm;2.1086 mm;0.0000 mm;58.3799 mm;0.0000 mm;0.0000 mm;0.0000 mm;0.0000 mm;0.0000 mm;0.0000 mm;0.0000 mm;0.0000 mm;0.0000 mm;
081;"/DDR5 SODIMM/A.DQ23";2;2;0.5690 mm;59.5028 mm;16.8600 mm;76.9318 mm;2.1078 mm;0.0000 mm;57.3950 mm;0.0000 mm;0.0000 mm;0.0000 mm;0.0000 mm;0.0000 mm;0.0000 mm;0.0000 mm;0.0000 mm;0.0000 mm;
083;"/DDR5 SODIMM/A.DQ24";2;2;1.6730 mm;56.0128 mm;19.2460 mm;76.9318 mm;2.3101 mm;0.0000 mm;0.0000 mm;0.0000 mm;0.0000 mm;0.0000 mm;53.7027 mm;0.0000 mm;0.0000 mm;0.0000 mm;0.0000 mm;0.0000 mm;
084;"/DDR5 SODIMM/A.DQ25";2;2;1.6730 mm;52.6491 mm;22.6090 mm;76.9311 mm;2.3093 mm;0.0000 mm;0.0000 mm;0.0000 mm;0.0000 mm;0.0000 mm;50.3397 mm;0.0000 mm;0.0000 mm;0.0000 mm;0.0000 mm;0.0000 mm;
085;"/DDR5 SODIMM/A.DQ26";2;2;1.6730 mm;53.0038 mm;22.2550 mm;76.9318 mm;2.1075 mm;0.0000 mm;0.0000 mm;0.0000 mm;0.0000 mm;0.0000 mm;50.8963 mm;0.0000 mm;0.0000 mm;0.0000 mm;0.0000 mm;0.0000 mm;
086;"/DDR5 SODIMM/A.DQ27";2;2;1.6730 mm;49.5975 mm;25.6600 mm;76.9305 mm;2.1067 mm;0.0000 mm;0.0000 mm;0.0000 mm;0.0000 mm;0.0000 mm;47.4908 mm;0.0000 mm;0.0000 mm;0.0000 mm;0.0000 mm;0.0000 mm;
087;"HOT_SWAP_BUTTON";5;3;3.1100 mm;56.8521 mm;20.5200 mm;80.4821 mm;9.8238 mm;0.0000 mm;0.0590 mm;0.0000 mm;0.0000 mm;0.0000 mm;33.9586 mm;0.0000 mm;0.0000 mm;0.0000 mm;0.0000 mm;13.0107 mm;
088;"/DDR5 SODIMM/A.DQS3_N";2;2;1.6730 mm;51.7807 mm;23.4770 mm;76.9307 mm;2.2397 mm;0.0000 mm;0.0000 mm;0.0000 mm;0.0000 mm;0.0000 mm;49.5410 mm;0.0000 mm;0.0000 mm;0.0000 mm;0.0000 mm;0.0000 mm;
089;"/DDR5 SODIMM/A.DQS3_P";2;2;1.6730 mm;51.3898 mm;23.8680 mm;76.9308 mm;2.2397 mm;0.0000 mm;0.0000 mm;0.0000 mm;0.0000 mm;0.0000 mm;49.1501 mm;0.0000 mm;0.0000 mm;0.0000 mm;0.0000 mm;0.0000 mm;
090;"/DDR5 SODIMM/A.~{DM3}";2;2;1.6730 mm;49.8655 mm;25.3920 mm;76.9305 mm;2.3098 mm;0.0000 mm;0.0000 mm;0.0000 mm;0.0000 mm;0.0000 mm;47.5556 mm;0.0000 mm;0.0000 mm;0.0000 mm;0.0000 mm;0.0000 mm;
091;"/DDR5 SODIMM/A.DQ28";2;2;1.6730 mm;56.0085 mm;19.2490 mm;76.9305 mm;2.3207 mm;0.0000 mm;0.0000 mm;0.0000 mm;0.0000 mm;0.0000 mm;53.6878 mm;0.0000 mm;0.0000 mm;0.0000 mm;0.0000 mm;0.0000 mm;
092;"/DDR5 SODIMM/A.DQ29";2;2;1.6730 mm;54.9085 mm;20.3490 mm;76.9305 mm;2.3214 mm;0.0000 mm;0.0000 mm;0.0000 mm;0.0000 mm;0.0000 mm;52.5871 mm;0.0000 mm;0.0000 mm;0.0000 mm;0.0000 mm;0.0000 mm;
093;"/DDR5 SODIMM/A.DQ30";2;2;1.6730 mm;53.5665 mm;21.6910 mm;76.9305 mm;2.1101 mm;0.0000 mm;0.0000 mm;0.0000 mm;0.0000 mm;0.0000 mm;51.4564 mm;0.0000 mm;0.0000 mm;0.0000 mm;0.0000 mm;0.0000 mm;
094;"/DDR5 SODIMM/A.DQ31";2;2;1.6730 mm;54.8495 mm;20.4080 mm;76.9305 mm;2.1086 mm;0.0000 mm;0.0000 mm;0.0000 mm;0.0000 mm;0.0000 mm;52.7410 mm;0.0000 mm;0.0000 mm;0.0000 mm;0.0000 mm;0.0000 mm;
095;"/DDR5 SODIMM/A.CB0";2;2;2.5410 mm;41.4346 mm;20.9650 mm;64.9406 mm;2.3218 mm;0.0000 mm;0.0000 mm;0.0000 mm;0.0000 mm;0.0000 mm;0.0000 mm;0.0000 mm;0.0000 mm;39.1128 mm;0.0000 mm;0.0000 mm;
096;"/DDR5 SODIMM/A.CB1";2;2;2.5410 mm;53.4035 mm;8.8410 mm;64.7855 mm;2.3161 mm;0.0000 mm;0.0000 mm;0.0000 mm;0.0000 mm;0.0000 mm;0.0000 mm;0.0000 mm;0.0000 mm;51.0874 mm;0.0000 mm;0.0000 mm;
097;"/DDR5 SODIMM/A.CB2";2;2;2.5410 mm;50.5891 mm;11.7260 mm;64.8561 mm;2.1147 mm;0.0000 mm;0.0000 mm;0.0000 mm;0.0000 mm;0.0000 mm;0.0000 mm;0.0000 mm;0.0000 mm;48.4744 mm;0.0000 mm;0.0000 mm;
098;"/DDR5 SODIMM/A.DQS4_N";2;2;2.5410 mm;43.3488 mm;19.3560 mm;65.2458 mm;2.3332 mm;0.0000 mm;0.0000 mm;0.0000 mm;0.0000 mm;0.0000 mm;0.0000 mm;0.0000 mm;0.0000 mm;41.0155 mm;0.0000 mm;0.0000 mm;
099;"/DDR5 SODIMM/A.DQS4_P";2;2;2.5410 mm;43.1710 mm;19.5340 mm;65.2460 mm;2.3332 mm;0.0000 mm;0.0000 mm;0.0000 mm;0.0000 mm;0.0000 mm;0.0000 mm;0.0000 mm;0.0000 mm;40.8377 mm;0.0000 mm;0.0000 mm;
100;"/DDR5 SODIMM/A.CB3";2;2;2.5410 mm;54.2751 mm;8.0610 mm;64.8771 mm;2.1180 mm;0.0000 mm;0.0000 mm;0.0000 mm;0.0000 mm;0.0000 mm;0.0000 mm;0.0000 mm;0.0000 mm;52.1571 mm;0.0000 mm;0.0000 mm;
101;"/DDR5 SODIMM/A.~{CS0}";2;2;1.1210 mm;42.1697 mm;14.9230 mm;58.2137 mm;2.2836 mm;0.0000 mm;0.0000 mm;0.0000 mm;39.8861 mm;0.0000 mm;0.0000 mm;0.0000 mm;0.0000 mm;0.0000 mm;0.0000 mm;0.0000 mm;
102;"/DDR5 SODIMM/A.CA0";2;2;1.1210 mm;45.7806 mm;18.9560 mm;65.8576 mm;2.2717 mm;0.0000 mm;0.0000 mm;0.0000 mm;43.5090 mm;0.0000 mm;0.0000 mm;0.0000 mm;0.0000 mm;0.0000 mm;0.0000 mm;0.0000 mm;
103;"/DDR5 SODIMM/Control.~{ALERT}";2;2;0.5690 mm;43.6829 mm;19.3070 mm;63.5589 mm;2.1834 mm;0.0000 mm;41.4995 mm;0.0000 mm;0.0000 mm;0.0000 mm;0.0000 mm;0.0000 mm;0.0000 mm;0.0000 mm;0.0000 mm;0.0000 mm;
104;"/Ethernet/ETH3_P";2;0;0.0000 mm;41.1633 mm;0.0000 mm;41.1633 mm;41.1633 mm;0.0000 mm;0.0000 mm;0.0000 mm;0.0000 mm;0.0000 mm;0.0000 mm;0.0000 mm;0.0000 mm;0.0000 mm;0.0000 mm;0.0000 mm;
105;"/Ethernet/ETH2_P";2;0;0.0000 mm;40.6102 mm;0.0000 mm;40.6102 mm;40.6102 mm;0.0000 mm;0.0000 mm;0.0000 mm;0.0000 mm;0.0000 mm;0.0000 mm;0.0000 mm;0.0000 mm;0.0000 mm;0.0000 mm;0.0000 mm;
106;"/Ethernet/ETH1_P";2;0;0.0000 mm;40.6920 mm;0.0000 mm;40.6920 mm;40.6920 mm;0.0000 mm;0.0000 mm;0.0000 mm;0.0000 mm;0.0000 mm;0.0000 mm;0.0000 mm;0.0000 mm;0.0000 mm;0.0000 mm;0.0000 mm;
107;"/Ethernet/ETH4_P";2;0;0.0000 mm;40.6920 mm;0.0000 mm;40.6920 mm;40.6920 mm;0.0000 mm;0.0000 mm;0.0000 mm;0.0000 mm;0.0000 mm;0.0000 mm;0.0000 mm;0.0000 mm;0.0000 mm;0.0000 mm;0.0000 mm;
108;"/Ethernet/ETH2_N";2;0;0.0000 mm;40.6920 mm;0.0000 mm;40.6920 mm;40.6920 mm;0.0000 mm;0.0000 mm;0.0000 mm;0.0000 mm;0.0000 mm;0.0000 mm;0.0000 mm;0.0000 mm;0.0000 mm;0.0000 mm;0.0000 mm;
109;"/Ethernet/ETH1_N";2;0;0.0000 mm;40.6920 mm;0.0000 mm;40.6920 mm;40.6920 mm;0.0000 mm;0.0000 mm;0.0000 mm;0.0000 mm;0.0000 mm;0.0000 mm;0.0000 mm;0.0000 mm;0.0000 mm;0.0000 mm;0.0000 mm;
110;"/Ethernet/ETH3_N";2;0;0.0000 mm;40.6945 mm;0.0000 mm;40.6945 mm;40.6945 mm;0.0000 mm;0.0000 mm;0.0000 mm;0.0000 mm;0.0000 mm;0.0000 mm;0.0000 mm;0.0000 mm;0.0000 mm;0.0000 mm;0.0000 mm;
111;"/Ethernet/ETH4_N";2;0;0.0000 mm;40.6920 mm;0.0000 mm;40.6920 mm;40.6920 mm;0.0000 mm;0.0000 mm;0.0000 mm;0.0000 mm;0.0000 mm;0.0000 mm;0.0000 mm;0.0000 mm;0.0000 mm;0.0000 mm;0.0000 mm;
112;"/Supply/1V7_SEN_+";2;2;1.1210 mm;23.0771 mm;0.0000 mm;24.1981 mm;1.2653 mm;0.0000 mm;0.0000 mm;0.0000 mm;21.8118 mm;0.0000 mm;0.0000 mm;0.0000 mm;0.0000 mm;0.0000 mm;0.0000 mm;0.0000 mm;
113;"/Ethernet/AVDDL";7;2;3.1100 mm;11.5997 mm;0.0000 mm;14.7097 mm;1.8000 mm;0.0000 mm;0.0000 mm;0.0000 mm;0.0000 mm;0.0000 mm;0.0000 mm;0.0000 mm;0.0000 mm;0.0000 mm;0.0000 mm;9.7997 mm;
114;"/Ethernet/AVDDL_PLL";5;0;0.0000 mm;7.7037 mm;0.0000 mm;7.7037 mm;7.7037 mm;0.0000 mm;0.0000 mm;0.0000 mm;0.0000 mm;0.0000 mm;0.0000 mm;0.0000 mm;0.0000 mm;0.0000 mm;0.0000 mm;0.0000 mm;
115;"/Ethernet/AVDDH";6;2;3.1100 mm;14.4334 mm;0.0000 mm;17.5434 mm;1.8000 mm;0.0000 mm;0.0000 mm;0.0000 mm;0.0000 mm;0.0000 mm;0.0000 mm;0.0000 mm;0.0000 mm;0.0000 mm;0.0000 mm;12.6334 mm;
117;"/DDR5 SODIMM/A.CA1";2;2;1.1210 mm;43.3117 mm;21.4250 mm;65.8577 mm;2.1833 mm;0.0000 mm;0.0000 mm;0.0000 mm;41.1283 mm;0.0000 mm;0.0000 mm;0.0000 mm;0.0000 mm;0.0000 mm;0.0000 mm;0.0000 mm;
119;"/DDR5 SODIMM/A.~{CS1}";2;2;1.1210 mm;45.5007 mm;19.2240 mm;65.8457 mm;2.1826 mm;0.0000 mm;0.0000 mm;0.0000 mm;43.3181 mm;0.0000 mm;0.0000 mm;0.0000 mm;0.0000 mm;0.0000 mm;0.0000 mm;0.0000 mm;
120;"/DDR5 SODIMM/A.CA2";2;2;1.1210 mm;45.9976 mm;18.7390 mm;65.8576 mm;2.2720 mm;0.0000 mm;0.0000 mm;0.0000 mm;43.7256 mm;0.0000 mm;0.0000 mm;0.0000 mm;0.0000 mm;0.0000 mm;0.0000 mm;0.0000 mm;
122;"/Supply/5V_SEN_+";2;2;1.1210 mm;10.2034 mm;0.0000 mm;11.3244 mm;1.2675 mm;0.0000 mm;0.0000 mm;0.0000 mm;8.9359 mm;0.0000 mm;0.0000 mm;0.0000 mm;0.0000 mm;0.0000 mm;0.0000 mm;0.0000 mm;
123;"/Supply/1V1_SEN_+";2;2;1.1210 mm;25.6502 mm;0.0000 mm;26.7712 mm;1.2653 mm;0.0000 mm;0.0000 mm;0.0000 mm;24.3850 mm;0.0000 mm;0.0000 mm;0.0000 mm;0.0000 mm;0.0000 mm;0.0000 mm;0.0000 mm;
124;"/Supply/MGTAVCC_SEN_-";2;2;1.1210 mm;11.0139 mm;0.0000 mm;12.1349 mm;1.9893 mm;0.0000 mm;0.0000 mm;0.0000 mm;9.0247 mm;0.0000 mm;0.0000 mm;0.0000 mm;0.0000 mm;0.0000 mm;0.0000 mm;0.0000 mm;
125;"/Supply/1V2_SEN_-";2;2;1.1210 mm;24.6925 mm;0.0000 mm;25.8135 mm;1.9925 mm;0.0000 mm;0.0000 mm;0.0000 mm;22.7000 mm;0.0000 mm;0.0000 mm;0.0000 mm;0.0000 mm;0.0000 mm;0.0000 mm;0.0000 mm;
126;"/Supply/1V7_SEN_-";2;2;1.1210 mm;23.0783 mm;0.0000 mm;24.1993 mm;1.2665 mm;0.0000 mm;0.0000 mm;0.0000 mm;21.8118 mm;0.0000 mm;0.0000 mm;0.0000 mm;0.0000 mm;0.0000 mm;0.0000 mm;0.0000 mm;
127;"/Supply/5V_SEN_-";2;2;1.1210 mm;10.4394 mm;0.0000 mm;11.5604 mm;1.2643 mm;0.0000 mm;0.0000 mm;0.0000 mm;9.1752 mm;0.0000 mm;0.0000 mm;0.0000 mm;0.0000 mm;0.0000 mm;0.0000 mm;0.0000 mm;
128;"/DDR5 SODIMM/A.CA3";2;2;1.1210 mm;48.5894 mm;16.0190 mm;65.7294 mm;2.1837 mm;0.0000 mm;0.0000 mm;0.0000 mm;46.4057 mm;0.0000 mm;0.0000 mm;0.0000 mm;0.0000 mm;0.0000 mm;0.0000 mm;0.0000 mm;
129;"/DDR5 SODIMM/A.CA4";2;2;1.1210 mm;47.8799 mm;16.8570 mm;65.8579 mm;2.2724 mm;0.0000 mm;0.0000 mm;0.0000 mm;45.6076 mm;0.0000 mm;0.0000 mm;0.0000 mm;0.0000 mm;0.0000 mm;0.0000 mm;0.0000 mm;
130;"/DDR5 SODIMM/A.CA5";2;2;1.1210 mm;50.9636 mm;13.7730 mm;65.8576 mm;2.1860 mm;0.0000 mm;0.0000 mm;0.0000 mm;48.7776 mm;0.0000 mm;0.0000 mm;0.0000 mm;0.0000 mm;0.0000 mm;0.0000 mm;0.0000 mm;
131;"/DDR5 SODIMM/A.CA6";2;2;1.1210 mm;47.1576 mm;17.5790 mm;65.8576 mm;2.2731 mm;0.0000 mm;0.0000 mm;0.0000 mm;44.8845 mm;0.0000 mm;0.0000 mm;0.0000 mm;0.0000 mm;0.0000 mm;0.0000 mm;0.0000 mm;
132;"/DDR5 SODIMM/A.CA7";2;2;1.1210 mm;50.7449 mm;13.9920 mm;65.8579 mm;2.1848 mm;0.0000 mm;0.0000 mm;0.0000 mm;48.5601 mm;0.0000 mm;0.0000 mm;0.0000 mm;0.0000 mm;0.0000 mm;0.0000 mm;0.0000 mm;
133;"/DDR5 SODIMM/A.CA8";2;2;1.1210 mm;49.4859 mm;15.2510 mm;65.8579 mm;2.2735 mm;0.0000 mm;0.0000 mm;0.0000 mm;47.2124 mm;0.0000 mm;0.0000 mm;0.0000 mm;0.0000 mm;0.0000 mm;0.0000 mm;0.0000 mm;
134;"/DDR5 SODIMM/A.CA9";2;2;1.1210 mm;47.9488 mm;16.7880 mm;65.8578 mm;2.1849 mm;0.0000 mm;0.0000 mm;0.0000 mm;45.7639 mm;0.0000 mm;0.0000 mm;0.0000 mm;0.0000 mm;0.0000 mm;0.0000 mm;0.0000 mm;
135;"/DDR5 SODIMM/A.CA10";2;2;1.1210 mm;48.4446 mm;16.2920 mm;65.8576 mm;2.2743 mm;0.0000 mm;0.0000 mm;0.0000 mm;46.1704 mm;0.0000 mm;0.0000 mm;0.0000 mm;0.0000 mm;0.0000 mm;0.0000 mm;0.0000 mm;
136;"/DDR5 SODIMM/A.CA11";2;2;1.1210 mm;49.9186 mm;14.8180 mm;65.8576 mm;2.1841 mm;0.0000 mm;0.0000 mm;0.0000 mm;47.7345 mm;0.0000 mm;0.0000 mm;0.0000 mm;0.0000 mm;0.0000 mm;0.0000 mm;0.0000 mm;
137;"/DDR5 SODIMM/A.CA12";2;2;1.1210 mm;48.4117 mm;16.3250 mm;65.8577 mm;2.2750 mm;0.0000 mm;0.0000 mm;0.0000 mm;46.1366 mm;0.0000 mm;0.0000 mm;0.0000 mm;0.0000 mm;0.0000 mm;0.0000 mm;0.0000 mm;
138;"/DDR5 SODIMM/A.CK0_P";2;2;0.5690 mm;38.2697 mm;20.1670 mm;59.0057 mm;2.1432 mm;0.0000 mm;36.1266 mm;0.0000 mm;0.0000 mm;0.0000 mm;0.0000 mm;0.0000 mm;0.0000 mm;0.0000 mm;0.0000 mm;0.0000 mm;
139;"/DDR5 SODIMM/A.CK1_P";2;2;0.5690 mm;39.2497 mm;19.1870 mm;59.0057 mm;2.5069 mm;0.0000 mm;36.7428 mm;0.0000 mm;0.0000 mm;0.0000 mm;0.0000 mm;0.0000 mm;0.0000 mm;0.0000 mm;0.0000 mm;0.0000 mm;
140;"/DDR5 SODIMM/A.CK0_N";2;2;0.5690 mm;37.6896 mm;20.7470 mm;59.0056 mm;2.1321 mm;0.0000 mm;35.5576 mm;0.0000 mm;0.0000 mm;0.0000 mm;0.0000 mm;0.0000 mm;0.0000 mm;0.0000 mm;0.0000 mm;0.0000 mm;
141;"/DDR5 SODIMM/A.CK1_N";2;2;0.5690 mm;39.6188 mm;18.8180 mm;59.0058 mm;2.5069 mm;0.0000 mm;37.1119 mm;0.0000 mm;0.0000 mm;0.0000 mm;0.0000 mm;0.0000 mm;0.0000 mm;0.0000 mm;0.0000 mm;0.0000 mm;
142;"/DDR5 SODIMM/B.CK0_P";2;2;0.5690 mm;44.8969 mm;14.8810 mm;60.3469 mm;2.2871 mm;0.0000 mm;42.6098 mm;0.0000 mm;0.0000 mm;0.0000 mm;0.0000 mm;0.0000 mm;0.0000 mm;0.0000 mm;0.0000 mm;0.0000 mm;
143;"/DDR5 SODIMM/B.CK1_P";2;2;0.5690 mm;41.5998 mm;18.1780 mm;60.3468 mm;2.1895 mm;0.0000 mm;39.4103 mm;0.0000 mm;0.0000 mm;0.0000 mm;0.0000 mm;0.0000 mm;0.0000 mm;0.0000 mm;0.0000 mm;0.0000 mm;
144;"/DDR5 SODIMM/B.CK0_N";2;2;0.5690 mm;44.4408 mm;15.3370 mm;60.3468 mm;2.2871 mm;0.0000 mm;42.1537 mm;0.0000 mm;0.0000 mm;0.0000 mm;0.0000 mm;0.0000 mm;0.0000 mm;0.0000 mm;0.0000 mm;0.0000 mm;
145;"/DDR5 SODIMM/B.CK1_N";2;2;0.5690 mm;41.9648 mm;17.8130 mm;60.3468 mm;2.1895 mm;0.0000 mm;39.7753 mm;0.0000 mm;0.0000 mm;0.0000 mm;0.0000 mm;0.0000 mm;0.0000 mm;0.0000 mm;0.0000 mm;0.0000 mm;
146;"/DDR5 SODIMM/B.CA12";2;2;1.6730 mm;53.2797 mm;9.0510 mm;64.0037 mm;2.1065 mm;0.0000 mm;0.0000 mm;0.0000 mm;0.0000 mm;0.0000 mm;51.1732 mm;0.0000 mm;0.0000 mm;0.0000 mm;0.0000 mm;0.0000 mm;
147;"/DDR5 SODIMM/B.CA11";2;2;1.6730 mm;52.3399 mm;9.9910 mm;64.0039 mm;2.1971 mm;0.0000 mm;0.0000 mm;0.0000 mm;0.0000 mm;0.0000 mm;50.1428 mm;0.0000 mm;0.0000 mm;0.0000 mm;0.0000 mm;0.0000 mm;
148;"/DDR5 SODIMM/B.CA10";2;2;1.6730 mm;49.6086 mm;12.5770 mm;63.8586 mm;2.1076 mm;0.0000 mm;0.0000 mm;0.0000 mm;0.0000 mm;0.0000 mm;47.5010 mm;0.0000 mm;0.0000 mm;0.0000 mm;0.0000 mm;0.0000 mm;
149;"/DDR5 SODIMM/B.CA9";2;2;1.6730 mm;47.7159 mm;14.6150 mm;64.0039 mm;2.1967 mm;0.0000 mm;0.0000 mm;0.0000 mm;0.0000 mm;0.0000 mm;45.5193 mm;0.0000 mm;0.0000 mm;0.0000 mm;0.0000 mm;0.0000 mm;
150;"/DDR5 SODIMM/B.CA8";2;2;1.6730 mm;47.1399 mm;15.1910 mm;64.0039 mm;2.1072 mm;0.0000 mm;0.0000 mm;0.0000 mm;0.0000 mm;0.0000 mm;45.0328 mm;0.0000 mm;0.0000 mm;0.0000 mm;0.0000 mm;0.0000 mm;
151;"/DDR5 SODIMM/B.CA7";2;2;1.6730 mm;45.8377 mm;16.4930 mm;64.0037 mm;2.1978 mm;0.0000 mm;0.0000 mm;0.0000 mm;0.0000 mm;0.0000 mm;43.6399 mm;0.0000 mm;0.0000 mm;0.0000 mm;0.0000 mm;0.0000 mm;
155;"/DDR5 SODIMM/B.CA6";2;2;1.6730 mm;49.9839 mm;12.3470 mm;64.0039 mm;2.0956 mm;0.0000 mm;0.0000 mm;0.0000 mm;0.0000 mm;0.0000 mm;47.8883 mm;0.0000 mm;0.0000 mm;0.0000 mm;0.0000 mm;0.0000 mm;
156;"/Supply/1V1_SEN_-";2;2;1.1210 mm;25.6501 mm;0.0000 mm;26.7711 mm;1.2680 mm;0.0000 mm;0.0000 mm;0.0000 mm;24.3821 mm;0.0000 mm;0.0000 mm;0.0000 mm;0.0000 mm;0.0000 mm;0.0000 mm;0.0000 mm;
157;"/DDR5 SODIMM/B.CA5";2;2;1.6730 mm;48.1247 mm;14.2060 mm;64.0037 mm;2.1968 mm;0.0000 mm;0.0000 mm;0.0000 mm;0.0000 mm;0.0000 mm;45.9279 mm;0.0000 mm;0.0000 mm;0.0000 mm;0.0000 mm;0.0000 mm;
158;"/DDR5 SODIMM/B.CA4";2;2;1.6730 mm;47.2949 mm;15.0360 mm;64.0039 mm;2.0946 mm;0.0000 mm;0.0000 mm;0.0000 mm;0.0000 mm;0.0000 mm;45.2003 mm;0.0000 mm;0.0000 mm;0.0000 mm;0.0000 mm;0.0000 mm;
159;"/DDR5 SODIMM/B.CA3";2;2;1.6730 mm;51.8477 mm;10.4830 mm;64.0037 mm;2.1969 mm;0.0000 mm;0.0000 mm;0.0000 mm;0.0000 mm;0.0000 mm;49.6508 mm;0.0000 mm;0.0000 mm;0.0000 mm;0.0000 mm;0.0000 mm;
160;"/DDR5 SODIMM/B.CA2";2;2;1.6730 mm;49.1299 mm;13.2010 mm;64.0039 mm;2.0963 mm;0.0000 mm;0.0000 mm;0.0000 mm;0.0000 mm;0.0000 mm;47.0336 mm;0.0000 mm;0.0000 mm;0.0000 mm;0.0000 mm;0.0000 mm;
161;"/DDR5 SODIMM/B.~{CS0}";2;2;1.6730 mm;42.8972 mm;13.8350 mm;58.4052 mm;2.0975 mm;0.0000 mm;0.0000 mm;0.0000 mm;0.0000 mm;0.0000 mm;40.7998 mm;0.0000 mm;0.0000 mm;0.0000 mm;0.0000 mm;0.0000 mm;
162;"/DDR5 SODIMM/B.CA1";2;2;1.6730 mm;43.7790 mm;18.5520 mm;64.0040 mm;2.1961 mm;0.0000 mm;0.0000 mm;0.0000 mm;0.0000 mm;0.0000 mm;41.5829 mm;0.0000 mm;0.0000 mm;0.0000 mm;0.0000 mm;0.0000 mm;
163;"/DDR5 SODIMM/Control.~{RESET}";2;2;0.5690 mm;36.0467 mm;18.0410 mm;54.6567 mm;2.1056 mm;0.0000 mm;33.9411 mm;0.0000 mm;0.0000 mm;0.0000 mm;0.0000 mm;0.0000 mm;0.0000 mm;0.0000 mm;0.0000 mm;0.0000 mm;
164;"/DDR5 SODIMM/B.CA0";2;2;1.6730 mm;51.1370 mm;11.1940 mm;64.0040 mm;2.0971 mm;0.0000 mm;0.0000 mm;0.0000 mm;0.0000 mm;0.0000 mm;49.0398 mm;0.0000 mm;0.0000 mm;0.0000 mm;0.0000 mm;0.0000 mm;
165;"/DDR5 SODIMM/B.~{CS1}";2;2;1.6730 mm;50.9436 mm;12.1230 mm;64.7396 mm;2.1958 mm;0.0000 mm;0.0000 mm;0.0000 mm;0.0000 mm;0.0000 mm;48.7478 mm;0.0000 mm;0.0000 mm;0.0000 mm;0.0000 mm;0.0000 mm;
166;"/Supply/~{PB_CTRL_CLR}";4;1;1.5550 mm;17.5591 mm;0.0000 mm;19.1141 mm;14.7944 mm;0.0000 mm;0.0000 mm;0.0000 mm;0.0000 mm;0.0000 mm;0.0000 mm;0.0000 mm;0.0000 mm;0.0000 mm;0.0000 mm;2.7647 mm;
167;"/Supply/PB_CTRL_OUT";4;2;3.1100 mm;30.1200 mm;0.0000 mm;33.2300 mm;1.8882 mm;0.0000 mm;10.4271 mm;0.0000 mm;0.0000 mm;0.0000 mm;0.0000 mm;0.0000 mm;0.0000 mm;0.0000 mm;0.0000 mm;17.8047 mm;
168;"+1V0_MGTAVCC";13;13;20.2150 mm;7.0728 mm;0.0000 mm;27.2878 mm;3.5320 mm;0.0000 mm;0.0000 mm;0.0000 mm;0.0000 mm;0.0000 mm;0.0000 mm;0.0000 mm;0.0000 mm;0.0000 mm;0.0000 mm;3.5408 mm;
169;"+1V8";30;24;35.7650 mm;159.4271 mm;0.0000 mm;195.1921 mm;133.3703 mm;0.0000 mm;0.0000 mm;0.0000 mm;0.0000 mm;0.0000 mm;0.0000 mm;0.0000 mm;9.2174 mm;0.0000 mm;0.0000 mm;16.8394 mm;
170;"/DDR5 SODIMM/B.CB0";2;2;2.5410 mm;45.8742 mm;20.4980 mm;68.9132 mm;2.0818 mm;0.0000 mm;0.0000 mm;0.0000 mm;0.0000 mm;0.0000 mm;0.0000 mm;0.0000 mm;0.0000 mm;43.7924 mm;0.0000 mm;0.0000 mm;
171;"/DDR5 SODIMM/B.DQS4_N";2;2;2.5410 mm;40.8759 mm;18.8160 mm;62.2329 mm;2.1956 mm;0.0000 mm;0.0000 mm;0.0000 mm;0.0000 mm;0.0000 mm;0.0000 mm;0.0000 mm;0.0000 mm;38.6803 mm;0.0000 mm;0.0000 mm;
172;"/DDR5 SODIMM/B.DQS4_P";2;2;2.5410 mm;41.8769 mm;17.8150 mm;62.2329 mm;2.1956 mm;0.0000 mm;0.0000 mm;0.0000 mm;0.0000 mm;0.0000 mm;0.0000 mm;0.0000 mm;0.0000 mm;39.6813 mm;0.0000 mm;0.0000 mm;
173;"/DDR5 SODIMM/B.CB1";2;2;2.5410 mm;48.7668 mm;17.6970 mm;69.0048 mm;2.0821 mm;0.0000 mm;0.0000 mm;0.0000 mm;0.0000 mm;0.0000 mm;0.0000 mm;0.0000 mm;0.0000 mm;46.6847 mm;0.0000 mm;0.0000 mm;
174;"/DDR5 SODIMM/B.CB3";2;2;2.5410 mm;47.3026 mm;19.1610 mm;69.0046 mm;2.1970 mm;0.0000 mm;0.0000 mm;0.0000 mm;0.0000 mm;0.0000 mm;0.0000 mm;0.0000 mm;0.0000 mm;45.1056 mm;0.0000 mm;0.0000 mm;
175;"/DDR5 SODIMM/B.CB2";2;2;2.5410 mm;56.4787 mm;9.8570 mm;68.8767 mm;2.1992 mm;0.0000 mm;0.0000 mm;0.0000 mm;0.0000 mm;0.0000 mm;0.0000 mm;0.0000 mm;0.0000 mm;54.2795 mm;0.0000 mm;0.0000 mm;
176;"/DDR5 SODIMM/B.DQ0";2;2;1.6730 mm;54.8657 mm;20.2760 mm;76.8147 mm;2.1083 mm;0.0000 mm;0.0000 mm;0.0000 mm;0.0000 mm;0.0000 mm;52.7574 mm;0.0000 mm;0.0000 mm;0.0000 mm;0.0000 mm;0.0000 mm;
177;"/DDR5 SODIMM/B.DQ1";2;2;1.6730 mm;51.2666 mm;23.8750 mm;76.8146 mm;2.1594 mm;0.0000 mm;0.0000 mm;0.0000 mm;0.0000 mm;0.0000 mm;49.1072 mm;0.0000 mm;0.0000 mm;0.0000 mm;0.0000 mm;0.0000 mm;
178;"/DDR5 SODIMM/B.DQ2";2;2;1.6730 mm;53.9447 mm;21.1970 mm;76.8147 mm;2.0826 mm;0.0000 mm;0.0000 mm;0.0000 mm;0.0000 mm;0.0000 mm;51.8621 mm;0.0000 mm;0.0000 mm;0.0000 mm;0.0000 mm;0.0000 mm;
179;"/DDR5 SODIMM/B.DQ3";2;2;1.6730 mm;54.3227 mm;20.8190 mm;76.8147 mm;2.0822 mm;0.0000 mm;0.0000 mm;0.0000 mm;0.0000 mm;0.0000 mm;52.2404 mm;0.0000 mm;0.0000 mm;0.0000 mm;0.0000 mm;0.0000 mm;
180;"+1V2";20;10;12.4400 mm;126.6676 mm;0.0000 mm;139.1076 mm;121.2373 mm;0.0000 mm;0.0000 mm;0.0000 mm;0.0000 mm;0.0000 mm;0.0000 mm;0.0000 mm;0.0000 mm;0.0000 mm;0.0000 mm;5.4303 mm;
181;"+3V3";147;97;107.2950 mm;134.3591 mm;0.0000 mm;241.6541 mm;59.9966 mm;0.0000 mm;0.0000 mm;0.0000 mm;0.0000 mm;0.0000 mm;0.0000 mm;0.0000 mm;0.0000 mm;0.0000 mm;0.0000 mm;74.3625 mm;
182;"+5V";12;18;27.9900 mm;53.6391 mm;0.0000 mm;81.6291 mm;18.1361 mm;0.0000 mm;0.0000 mm;0.0000 mm;0.0000 mm;0.0000 mm;0.0000 mm;0.0000 mm;0.0000 mm;0.0000 mm;0.0000 mm;35.5030 mm;
183;"/DDR5 SODIMM/B.~{DM0}";2;2;1.6730 mm;50.5717 mm;24.5700 mm;76.8147 mm;2.0942 mm;0.0000 mm;0.0000 mm;0.0000 mm;0.0000 mm;0.0000 mm;48.4775 mm;0.0000 mm;0.0000 mm;0.0000 mm;0.0000 mm;0.0000 mm;
184;"/DDR5 SODIMM/B.DQS0_N";2;2;1.6730 mm;53.4549 mm;21.6870 mm;76.8149 mm;2.3075 mm;0.0000 mm;0.0000 mm;0.0000 mm;0.0000 mm;0.0000 mm;51.1473 mm;0.0000 mm;0.0000 mm;0.0000 mm;0.0000 mm;0.0000 mm;
185;"/DDR5 SODIMM/B.DQS0_P";2;2;1.6730 mm;53.0349 mm;22.1070 mm;76.8149 mm;2.3075 mm;0.0000 mm;0.0000 mm;0.0000 mm;0.0000 mm;0.0000 mm;50.7273 mm;0.0000 mm;0.0000 mm;0.0000 mm;0.0000 mm;0.0000 mm;
186;"/DDR5 SODIMM/B.DQ4";2;2;1.6730 mm;50.3167 mm;24.8250 mm;76.8147 mm;2.1620 mm;0.0000 mm;0.0000 mm;0.0000 mm;0.0000 mm;0.0000 mm;48.1546 mm;0.0000 mm;0.0000 mm;0.0000 mm;0.0000 mm;0.0000 mm;
187;"+1V1";50;33;45.0950 mm;37.8555 mm;0.0000 mm;82.9505 mm;16.2309 mm;0.0000 mm;0.0000 mm;0.0000 mm;0.0000 mm;0.0000 mm;0.0000 mm;0.0000 mm;0.0000 mm;0.0000 mm;0.0000 mm;21.6247 mm;
188;"/Supply/~{PB_CTRL_INT}";3;2;3.1100 mm;14.7962 mm;0.0000 mm;17.9062 mm;1.8590 mm;0.0000 mm;12.1486 mm;0.0000 mm;0.0000 mm;0.0000 mm;0.0000 mm;0.0000 mm;0.0000 mm;0.0000 mm;0.0000 mm;0.7887 mm;
189;"/Supply/FB6";3;1;1.5550 mm;2.6837 mm;0.0000 mm;4.2387 mm;1.8114 mm;0.0000 mm;0.0000 mm;0.0000 mm;0.0000 mm;0.0000 mm;0.0000 mm;0.0000 mm;0.0000 mm;0.0000 mm;0.0000 mm;0.8723 mm;
190;"/Supply/FB5";3;1;1.5550 mm;2.5904 mm;0.0000 mm;4.1454 mm;1.7467 mm;0.0000 mm;0.0000 mm;0.0000 mm;0.0000 mm;0.0000 mm;0.0000 mm;0.0000 mm;0.0000 mm;0.0000 mm;0.0000 mm;0.8437 mm;
191;"/Supply/FB1";3;1;1.5550 mm;2.6531 mm;0.0000 mm;4.2081 mm;1.7808 mm;0.0000 mm;0.0000 mm;0.0000 mm;0.0000 mm;0.0000 mm;0.0000 mm;0.0000 mm;0.0000 mm;0.0000 mm;0.0000 mm;0.8723 mm;
192;"/Supply/FB2";3;1;1.5550 mm;2.6954 mm;0.0000 mm;4.2504 mm;1.8101 mm;0.0000 mm;0.0000 mm;0.0000 mm;0.0000 mm;0.0000 mm;0.0000 mm;0.0000 mm;0.0000 mm;0.0000 mm;0.0000 mm;0.8853 mm;
193;"/DDR5 SODIMM/B.DQ5";2;2;1.6730 mm;49.9797 mm;25.1620 mm;76.8147 mm;2.1957 mm;0.0000 mm;0.0000 mm;0.0000 mm;0.0000 mm;0.0000 mm;47.7840 mm;0.0000 mm;0.0000 mm;0.0000 mm;0.0000 mm;0.0000 mm;
194;"/DDR5 SODIMM/B.DQ6";2;2;1.6730 mm;51.2817 mm;23.8600 mm;76.8147 mm;2.0812 mm;0.0000 mm;0.0000 mm;0.0000 mm;0.0000 mm;0.0000 mm;49.2005 mm;0.0000 mm;0.0000 mm;0.0000 mm;0.0000 mm;0.0000 mm;
195;"Net-(J6-P4)";2;0;0.0000 mm;1.5977 mm;0.0000 mm;1.5977 mm;0.0000 mm;0.0000 mm;0.0000 mm;0.0000 mm;0.0000 mm;0.0000 mm;0.0000 mm;0.0000 mm;0.0000 mm;0.0000 mm;0.0000 mm;1.5977 mm;
196;"Net-(J6-P5)";2;0;0.0000 mm;1.8371 mm;0.0000 mm;1.8371 mm;0.0000 mm;0.0000 mm;0.0000 mm;0.0000 mm;0.0000 mm;0.0000 mm;0.0000 mm;0.0000 mm;0.0000 mm;0.0000 mm;0.0000 mm;1.8371 mm;
197;"/Supply/FB3";3;1;1.5550 mm;2.9925 mm;0.0000 mm;4.5475 mm;2.0381 mm;0.0000 mm;0.0000 mm;0.0000 mm;0.0000 mm;0.0000 mm;0.0000 mm;0.0000 mm;0.0000 mm;0.0000 mm;0.0000 mm;0.9544 mm;
198;"/Supply/FB7";3;1;1.5550 mm;2.9323 mm;0.0000 mm;4.4873 mm;2.0099 mm;0.0000 mm;0.0000 mm;0.0000 mm;0.0000 mm;0.0000 mm;0.0000 mm;0.0000 mm;0.0000 mm;0.0000 mm;0.0000 mm;0.9224 mm;
199;"/Supply/FB8";3;1;1.5550 mm;2.8593 mm;0.0000 mm;4.4143 mm;1.9996 mm;0.0000 mm;0.0000 mm;0.0000 mm;0.0000 mm;0.0000 mm;0.0000 mm;0.0000 mm;0.0000 mm;0.0000 mm;0.0000 mm;0.8598 mm;
200;"/DDR5 SODIMM/B.DQ7";2;2;1.6730 mm;51.1807 mm;23.9610 mm;76.8147 mm;2.0947 mm;0.0000 mm;0.0000 mm;0.0000 mm;0.0000 mm;0.0000 mm;49.0860 mm;0.0000 mm;0.0000 mm;0.0000 mm;0.0000 mm;0.0000 mm;
201;"/Supply/FB4";3;1;1.5550 mm;3.1264 mm;0.0000 mm;4.6814 mm;1.9819 mm;0.0000 mm;0.0000 mm;0.0000 mm;0.0000 mm;0.0000 mm;0.0000 mm;0.0000 mm;0.0000 mm;0.0000 mm;0.0000 mm;1.1445 mm;
202;"/Supply/EN1";3;2;2.3915 mm;24.3813 mm;0.0000 mm;26.7728 mm;1.8211 mm;0.0000 mm;0.0000 mm;0.0000 mm;0.0000 mm;0.0000 mm;21.8347 mm;0.0000 mm;0.0000 mm;0.0000 mm;0.0000 mm;0.7254 mm;
203;"/Supply/EN2";3;2;1.8395 mm;33.9417 mm;0.0000 mm;35.7812 mm;1.9855 mm;0.0000 mm;31.2406 mm;0.0000 mm;0.0000 mm;0.0000 mm;0.0000 mm;0.0000 mm;0.0000 mm;0.0000 mm;0.0000 mm;0.7155 mm;
204;"/Supply/EN3";3;2;1.8395 mm;49.3429 mm;0.0000 mm;51.1824 mm;1.9609 mm;0.0000 mm;46.6565 mm;0.0000 mm;0.0000 mm;0.0000 mm;0.0000 mm;0.0000 mm;0.0000 mm;0.0000 mm;0.0000 mm;0.7254 mm;
205;"/Supply/MGTAVTT_ILIM";2;0;0.0000 mm;1.4250 mm;0.0000 mm;1.4250 mm;1.4250 mm;0.0000 mm;0.0000 mm;0.0000 mm;0.0000 mm;0.0000 mm;0.0000 mm;0.0000 mm;0.0000 mm;0.0000 mm;0.0000 mm;0.0000 mm;
206;"/Supply/1V0_FB";2;0;0.0000 mm;1.5721 mm;0.0000 mm;1.5721 mm;1.5721 mm;0.0000 mm;0.0000 mm;0.0000 mm;0.0000 mm;0.0000 mm;0.0000 mm;0.0000 mm;0.0000 mm;0.0000 mm;0.0000 mm;0.0000 mm;
207;"+1V2_MGTAVTT";17;11;17.1050 mm;10.5458 mm;0.0000 mm;27.6508 mm;5.6512 mm;0.0000 mm;0.0000 mm;0.0000 mm;0.0000 mm;0.0000 mm;0.0000 mm;0.0000 mm;0.0000 mm;0.0000 mm;0.0000 mm;4.8946 mm;
208;"+1V0";48;57;86.7955 mm;118.5988 mm;0.0000 mm;205.3943 mm;14.8960 mm;0.0000 mm;0.0255 mm;0.0000 mm;0.0000 mm;0.0000 mm;0.0000 mm;0.0000 mm;0.0000 mm;0.0000 mm;0.0000 mm;103.6773 mm;
209;"/DDR5 SODIMM/B.DQ8";2;2;0.5690 mm;57.7836 mm;18.4620 mm;76.8146 mm;2.2416 mm;0.0000 mm;55.5420 mm;0.0000 mm;0.0000 mm;0.0000 mm;0.0000 mm;0.0000 mm;0.0000 mm;0.0000 mm;0.0000 mm;0.0000 mm;
213;"/Supply/sp_SEN_+";2;2;1.1210 mm;27.9531 mm;0.0000 mm;29.0741 mm;1.2653 mm;0.0000 mm;0.0000 mm;0.0000 mm;26.6879 mm;0.0000 mm;0.0000 mm;0.0000 mm;0.0000 mm;0.0000 mm;0.0000 mm;0.0000 mm;
214;"/DDR5 SODIMM/B.DQ9";2;2;0.5690 mm;60.5527 mm;15.6930 mm;76.8147 mm;2.2345 mm;0.0000 mm;58.3182 mm;0.0000 mm;0.0000 mm;0.0000 mm;0.0000 mm;0.0000 mm;0.0000 mm;0.0000 mm;0.0000 mm;0.0000 mm;
215;"HOT_SWAP_YELLOW";2;2;3.1100 mm;54.5783 mm;20.0850 mm;77.7733 mm;1.4771 mm;0.0000 mm;0.0000 mm;0.0000 mm;0.0000 mm;0.0000 mm;0.0000 mm;0.0000 mm;0.0000 mm;0.0000 mm;0.0000 mm;53.1012 mm;
216;"HOT_SWAP_GREEN";2;2;3.1100 mm;55.9126 mm;20.4970 mm;79.5196 mm;1.4771 mm;0.0000 mm;0.0000 mm;0.0000 mm;0.0000 mm;0.0000 mm;0.0000 mm;0.0000 mm;0.0000 mm;0.0000 mm;0.0000 mm;54.4355 mm;
217;"HOT_SWAP_RED";2;2;3.1100 mm;55.2896 mm;20.4690 mm;78.8686 mm;1.4771 mm;0.0000 mm;0.0000 mm;0.0000 mm;0.0000 mm;0.0000 mm;0.0000 mm;0.0000 mm;0.0000 mm;0.0000 mm;0.0000 mm;53.8125 mm;
218;"/Supply/sp_SEN_-";2;2;1.1210 mm;28.2938 mm;0.0000 mm;29.4148 mm;1.2665 mm;0.0000 mm;0.0000 mm;0.0000 mm;27.0273 mm;0.0000 mm;0.0000 mm;0.0000 mm;0.0000 mm;0.0000 mm;0.0000 mm;0.0000 mm;
219;"/DDR5 SODIMM/B.DQ10";2;2;0.5690 mm;58.3336 mm;17.9120 mm;76.8146 mm;2.1331 mm;0.0000 mm;56.2005 mm;0.0000 mm;0.0000 mm;0.0000 mm;0.0000 mm;0.0000 mm;0.0000 mm;0.0000 mm;0.0000 mm;0.0000 mm;
220;"/Supply/spare";3;5;7.7750 mm;0.0000 mm;0.0000 mm;7.7750 mm;0.0000 mm;0.0000 mm;0.0000 mm;0.0000 mm;0.0000 mm;0.0000 mm;0.0000 mm;0.0000 mm;0.0000 mm;0.0000 mm;0.0000 mm;0.0000 mm;
221;"POWER";5;2;3.1100 mm;99.6871 mm;0.0000 mm;102.7971 mm;4.7196 mm;0.0000 mm;0.0000 mm;0.0000 mm;0.0000 mm;0.0000 mm;0.0000 mm;0.0000 mm;0.0000 mm;0.0000 mm;0.0000 mm;94.9676 mm;
222;"FPGA_POWER_CYCLE";3;3;1.6730 mm;81.5474 mm;19.8390 mm;103.0594 mm;2.6116 mm;0.0000 mm;14.0619 mm;0.0000 mm;0.0000 mm;0.0000 mm;64.8738 mm;0.0000 mm;0.0000 mm;0.0000 mm;0.0000 mm;0.0000 mm;
223;"FPGA_POWER_OFF";3;3;3.1100 mm;39.2855 mm;17.9330 mm;60.3285 mm;2.5792 mm;0.0000 mm;0.0038 mm;0.0000 mm;0.0000 mm;0.0000 mm;17.8058 mm;0.0000 mm;0.0000 mm;0.0000 mm;0.0000 mm;18.8966 mm;
224;"/Supply/3V3_SEN_+";2;2;1.1210 mm;10.8371 mm;0.0000 mm;11.9581 mm;1.2665 mm;0.0000 mm;0.0000 mm;0.0000 mm;9.5706 mm;0.0000 mm;0.0000 mm;0.0000 mm;0.0000 mm;0.0000 mm;0.0000 mm;0.0000 mm;
225;"/Supply/1V8_SEN_+";2;2;1.1210 mm;10.8765 mm;0.0000 mm;11.9976 mm;1.2675 mm;0.0000 mm;0.0000 mm;0.0000 mm;9.6090 mm;0.0000 mm;0.0000 mm;0.0000 mm;0.0000 mm;0.0000 mm;0.0000 mm;0.0000 mm;
226;"/Supply/3V3_SEN_-";2;2;1.1210 mm;10.7439 mm;0.0000 mm;11.8649 mm;1.2653 mm;0.0000 mm;0.0000 mm;0.0000 mm;9.4786 mm;0.0000 mm;0.0000 mm;0.0000 mm;0.0000 mm;0.0000 mm;0.0000 mm;0.0000 mm;
227;"/Supply/1V8_SEN_-";2;2;1.1210 mm;11.1127 mm;0.0000 mm;12.2337 mm;1.2643 mm;0.0000 mm;0.0000 mm;0.0000 mm;9.8484 mm;0.0000 mm;0.0000 mm;0.0000 mm;0.0000 mm;0.0000 mm;0.0000 mm;0.0000 mm;
228;"/DDR5 SODIMM/B.DQ11";2;2;0.5690 mm;56.9477 mm;19.2980 mm;76.8147 mm;2.1335 mm;0.0000 mm;54.8142 mm;0.0000 mm;0.0000 mm;0.0000 mm;0.0000 mm;0.0000 mm;0.0000 mm;0.0000 mm;0.0000 mm;0.0000 mm;
231;"/DDR5 SODIMM/B.DQS1_N";2;2;0.5690 mm;58.3566 mm;17.8890 mm;76.8146 mm;2.1099 mm;0.0000 mm;56.2468 mm;0.0000 mm;0.0000 mm;0.0000 mm;0.0000 mm;0.0000 mm;0.0000 mm;0.0000 mm;0.0000 mm;0.0000 mm;
233;"/Supply/~{PB_CTRL_IN}";3;0;0.0000 mm;8.7095 mm;0.0000 mm;8.7095 mm;8.7095 mm;0.0000 mm;0.0000 mm;0.0000 mm;0.0000 mm;0.0000 mm;0.0000 mm;0.0000 mm;0.0000 mm;0.0000 mm;0.0000 mm;0.0000 mm;
234;"/DDR5 SODIMM/B.DQS1_P";2;2;0.5690 mm;57.9775 mm;18.2680 mm;76.8145 mm;2.1099 mm;0.0000 mm;55.8677 mm;0.0000 mm;0.0000 mm;0.0000 mm;0.0000 mm;0.0000 mm;0.0000 mm;0.0000 mm;0.0000 mm;0.0000 mm;
235;"/DDR5 SODIMM/B.~{DM1}";2;2;0.5690 mm;56.2566 mm;19.9890 mm;76.8146 mm;2.2401 mm;0.0000 mm;54.0165 mm;0.0000 mm;0.0000 mm;0.0000 mm;0.0000 mm;0.0000 mm;0.0000 mm;0.0000 mm;0.0000 mm;0.0000 mm;
236;"/DDR5 SODIMM/B.DQ12";2;2;0.5690 mm;55.6427 mm;20.6030 mm;76.8147 mm;2.2360 mm;0.0000 mm;53.4067 mm;0.0000 mm;0.0000 mm;0.0000 mm;0.0000 mm;0.0000 mm;0.0000 mm;0.0000 mm;0.0000 mm;0.0000 mm;
237;"/DDR5 SODIMM/B.DQ13";2;2;0.5690 mm;57.1357 mm;19.1100 mm;76.8147 mm;2.2375 mm;0.0000 mm;54.8982 mm;0.0000 mm;0.0000 mm;0.0000 mm;0.0000 mm;0.0000 mm;0.0000 mm;0.0000 mm;0.0000 mm;0.0000 mm;
238;"/DDR5 SODIMM/B.DQ14";2;2;0.5690 mm;56.0136 mm;20.2320 mm;76.8146 mm;2.1406 mm;0.0000 mm;53.8730 mm;0.0000 mm;0.0000 mm;0.0000 mm;0.0000 mm;0.0000 mm;0.0000 mm;0.0000 mm;0.0000 mm;0.0000 mm;
239;"/DDR5 SODIMM/B.DQ15";2;2;0.5690 mm;57.1336 mm;19.1120 mm;76.8146 mm;2.1316 mm;0.0000 mm;55.0020 mm;0.0000 mm;0.0000 mm;0.0000 mm;0.0000 mm;0.0000 mm;0.0000 mm;0.0000 mm;0.0000 mm;0.0000 mm;
240;"/DDR5 SODIMM/B.DQ16";2;2;1.1210 mm;84.9854 mm;19.5100 mm;105.6164 mm;2.2379 mm;0.0000 mm;0.0000 mm;0.0000 mm;82.7476 mm;0.0000 mm;0.0000 mm;0.0000 mm;0.0000 mm;0.0000 mm;0.0000 mm;0.0000 mm;
241;"/DDR5 SODIMM/B.DQ17";2;2;1.1210 mm;82.7685 mm;21.7270 mm;105.6165 mm;2.2382 mm;0.0000 mm;0.0000 mm;0.0000 mm;80.5303 mm;0.0000 mm;0.0000 mm;0.0000 mm;0.0000 mm;0.0000 mm;0.0000 mm;0.0000 mm;
242;"/DDR5 SODIMM/B.DQ18";2;2;1.1210 mm;83.0183 mm;21.4770 mm;105.6163 mm;2.1167 mm;0.0000 mm;0.0000 mm;0.0000 mm;80.9017 mm;0.0000 mm;0.0000 mm;0.0000 mm;0.0000 mm;0.0000 mm;0.0000 mm;0.0000 mm;
243;"/DDR5 SODIMM/B.DQ19";2;2;1.1210 mm;86.2103 mm;18.2850 mm;105.6163 mm;2.1077 mm;0.0000 mm;0.0000 mm;0.0000 mm;84.1026 mm;0.0000 mm;0.0000 mm;0.0000 mm;0.0000 mm;0.0000 mm;0.0000 mm;0.0000 mm;
244;"FTDI_DIS";3;2;0.5690 mm;66.4547 mm;0.0000 mm;67.0237 mm;3.4247 mm;0.0000 mm;63.0300 mm;0.0000 mm;0.0000 mm;0.0000 mm;0.0000 mm;0.0000 mm;0.0000 mm;0.0000 mm;0.0000 mm;0.0000 mm;
245;"/DDR5 SODIMM/B.~{DM2}";2;2;1.1210 mm;84.3843 mm;20.1110 mm;105.6163 mm;2.1081 mm;0.0000 mm;0.0000 mm;0.0000 mm;82.2762 mm;0.0000 mm;0.0000 mm;0.0000 mm;0.0000 mm;0.0000 mm;0.0000 mm;0.0000 mm;
246;"/DDR5 SODIMM/B.DQS2_N";2;2;1.1210 mm;82.6542 mm;21.8400 mm;105.6152 mm;2.3634 mm;0.0000 mm;0.0000 mm;0.0000 mm;80.2909 mm;0.0000 mm;0.0000 mm;0.0000 mm;0.0000 mm;0.0000 mm;0.0000 mm;0.0000 mm;
247;"/DDR5 SODIMM/B.DQS2_P";2;2;1.1210 mm;83.0273 mm;21.4680 mm;105.6163 mm;2.3634 mm;0.0000 mm;0.0000 mm;0.0000 mm;80.6639 mm;0.0000 mm;0.0000 mm;0.0000 mm;0.0000 mm;0.0000 mm;0.0000 mm;0.0000 mm;
248;"VDDSPD";6;1;1.5550 mm;10.0122 mm;0.0000 mm;11.5672 mm;9.2589 mm;0.0000 mm;0.0000 mm;0.0000 mm;0.0000 mm;0.0000 mm;0.0000 mm;0.0000 mm;0.0000 mm;0.0000 mm;0.0000 mm;0.7532 mm;
249;"/DDR5 SODIMM/B.DQ20";2;2;1.1210 mm;86.0722 mm;18.4230 mm;105.6162 mm;2.2155 mm;0.0000 mm;0.0000 mm;0.0000 mm;83.8567 mm;0.0000 mm;0.0000 mm;0.0000 mm;0.0000 mm;0.0000 mm;0.0000 mm;0.0000 mm;
250;"/DDR5 SODIMM/B.DQ21";2;2;1.1210 mm;86.7652 mm;17.7300 mm;105.6162 mm;2.2140 mm;0.0000 mm;0.0000 mm;0.0000 mm;84.5512 mm;0.0000 mm;0.0000 mm;0.0000 mm;0.0000 mm;0.0000 mm;0.0000 mm;0.0000 mm;
251;"/DDR5 SODIMM/B.DQ22";2;2;1.1210 mm;85.7523 mm;18.7430 mm;105.6162 mm;2.1145 mm;0.0000 mm;0.0000 mm;0.0000 mm;83.6377 mm;0.0000 mm;0.0000 mm;0.0000 mm;0.0000 mm;0.0000 mm;0.0000 mm;0.0000 mm;
252;"/DDR5 SODIMM/B.DQ23";2;2;1.1210 mm;87.7784 mm;16.7170 mm;105.6164 mm;2.1100 mm;0.0000 mm;0.0000 mm;0.0000 mm;85.6684 mm;0.0000 mm;0.0000 mm;0.0000 mm;0.0000 mm;0.0000 mm;0.0000 mm;0.0000 mm;
253;"FAN_PWM";2;3;3.1100 mm;36.8029 mm;18.6850 mm;58.5979 mm;1.3667 mm;0.0000 mm;0.0000 mm;0.0000 mm;0.0000 mm;0.0000 mm;0.0000 mm;0.0000 mm;0.0000 mm;29.4797 mm;0.0000 mm;5.9565 mm;
256;"/DDR5 SODIMM/B.DQ24";2;2;0.5690 mm;86.3492 mm;18.6980 mm;105.6162 mm;2.2140 mm;0.0000 mm;84.1352 mm;0.0000 mm;0.0000 mm;0.0000 mm;0.0000 mm;0.0000 mm;0.0000 mm;0.0000 mm;0.0000 mm;0.0000 mm;
257;"/DDR5 SODIMM/B.DQ25";2;2;0.5690 mm;88.7332 mm;16.3140 mm;105.6162 mm;2.2125 mm;0.0000 mm;86.5207 mm;0.0000 mm;0.0000 mm;0.0000 mm;0.0000 mm;0.0000 mm;0.0000 mm;0.0000 mm;0.0000 mm;0.0000 mm;
258;"/DDR5 SODIMM/B.DQ26";2;2;0.5690 mm;88.0511 mm;16.9960 mm;105.6161 mm;2.1099 mm;0.0000 mm;85.9412 mm;0.0000 mm;0.0000 mm;0.0000 mm;0.0000 mm;0.0000 mm;0.0000 mm;0.0000 mm;0.0000 mm;0.0000 mm;
259;"/DDR5 SODIMM/B.DQ27";2;2;0.5690 mm;87.2982 mm;17.7490 mm;105.6162 mm;2.1115 mm;0.0000 mm;85.1867 mm;0.0000 mm;0.0000 mm;0.0000 mm;0.0000 mm;0.0000 mm;0.0000 mm;0.0000 mm;0.0000 mm;0.0000 mm;
260;"/DDR5 SODIMM/B.DQS3_N";2;2;0.5690 mm;87.5083 mm;17.5390 mm;105.6163 mm;2.2110 mm;0.0000 mm;85.2972 mm;0.0000 mm;0.0000 mm;0.0000 mm;0.0000 mm;0.0000 mm;0.0000 mm;0.0000 mm;0.0000 mm;0.0000 mm;
261;"/Supply/PG1";2;2;3.1100 mm;25.2047 mm;0.0000 mm;28.3147 mm;1.6228 mm;0.0000 mm;0.0000 mm;0.0000 mm;0.0000 mm;0.0000 mm;0.0000 mm;0.0000 mm;0.0000 mm;0.0000 mm;0.0000 mm;23.5819 mm;
262;"/Supply/PG2";2;2;1.1210 mm;37.3261 mm;0.0000 mm;38.4471 mm;1.5837 mm;0.0000 mm;0.0000 mm;0.0000 mm;35.7424 mm;0.0000 mm;0.0000 mm;0.0000 mm;0.0000 mm;0.0000 mm;0.0000 mm;0.0000 mm;
263;"/Supply/PG3";2;2;1.1210 mm;33.9877 mm;0.0000 mm;35.1087 mm;1.7216 mm;0.0000 mm;0.0000 mm;0.0000 mm;32.2660 mm;0.0000 mm;0.0000 mm;0.0000 mm;0.0000 mm;0.0000 mm;0.0000 mm;0.0000 mm;
264;"/DDR5 SODIMM/B.DQS3_P";2;2;0.5690 mm;87.3062 mm;17.7410 mm;105.6162 mm;2.2110 mm;0.0000 mm;85.0952 mm;0.0000 mm;0.0000 mm;0.0000 mm;0.0000 mm;0.0000 mm;0.0000 mm;0.0000 mm;0.0000 mm;0.0000 mm;
265;"/DDR5 SODIMM/B.~{DM3}";2;2;0.5690 mm;88.5724 mm;16.4750 mm;105.6164 mm;2.2437 mm;0.0000 mm;86.3287 mm;0.0000 mm;0.0000 mm;0.0000 mm;0.0000 mm;0.0000 mm;0.0000 mm;0.0000 mm;0.0000 mm;0.0000 mm;
266;"/Supply/QDCDC2_SCL";2;2;0.5690 mm;94.5571 mm;0.0000 mm;95.1261 mm;2.0183 mm;0.0000 mm;92.5389 mm;0.0000 mm;0.0000 mm;0.0000 mm;0.0000 mm;0.0000 mm;0.0000 mm;0.0000 mm;0.0000 mm;0.0000 mm;
267;"/DDR5 SODIMM/B.DQ28";2;2;0.5690 mm;91.3652 mm;13.6820 mm;105.6162 mm;2.2131 mm;0.0000 mm;89.1521 mm;0.0000 mm;0.0000 mm;0.0000 mm;0.0000 mm;0.0000 mm;0.0000 mm;0.0000 mm;0.0000 mm;0.0000 mm;
268;"/DDR5 SODIMM/B.DQ29";2;2;0.5690 mm;92.3294 mm;12.7180 mm;105.6164 mm;2.2102 mm;0.0000 mm;90.1192 mm;0.0000 mm;0.0000 mm;0.0000 mm;0.0000 mm;0.0000 mm;0.0000 mm;0.0000 mm;0.0000 mm;0.0000 mm;
269;"/DDR5 SODIMM/B.DQ30";2;2;0.5690 mm;91.3643 mm;13.6830 mm;105.6163 mm;2.1081 mm;0.0000 mm;89.2562 mm;0.0000 mm;0.0000 mm;0.0000 mm;0.0000 mm;0.0000 mm;0.0000 mm;0.0000 mm;0.0000 mm;0.0000 mm;
270;"/DDR5 SODIMM/B.DQ31";2;2;0.5690 mm;91.3803 mm;13.6670 mm;105.6163 mm;2.1084 mm;0.0000 mm;89.2719 mm;0.0000 mm;0.0000 mm;0.0000 mm;0.0000 mm;0.0000 mm;0.0000 mm;0.0000 mm;0.0000 mm;0.0000 mm;
271;"/Debug FTDI/DBG_USB_P";5;2;0.5690 mm;36.3950 mm;0.0000 mm;36.9640 mm;34.5067 mm;0.0000 mm;1.8883 mm;0.0000 mm;0.0000 mm;0.0000 mm;0.0000 mm;0.0000 mm;0.0000 mm;0.0000 mm;0.0000 mm;0.0000 mm;
272;"/Debug FTDI/DBG_USB_N";5;2;0.5690 mm;36.3590 mm;0.0000 mm;36.9280 mm;34.4833 mm;0.0000 mm;1.8757 mm;0.0000 mm;0.0000 mm;0.0000 mm;0.0000 mm;0.0000 mm;0.0000 mm;0.0000 mm;0.0000 mm;0.0000 mm;
278;"/Supply/PWR_SCL_2";4;3;3.3945 mm;97.4510 mm;0.0000 mm;100.8455 mm;15.6295 mm;0.0000 mm;63.4445 mm;0.0000 mm;0.0000 mm;0.0000 mm;0.0000 mm;0.0000 mm;0.0000 mm;0.0000 mm;0.0000 mm;18.3770 mm;
279;"/Supply/PWR_SDA_2";4;4;4.2310 mm;96.7731 mm;0.0000 mm;101.0041 mm;7.8378 mm;0.0000 mm;60.9560 mm;0.0000 mm;0.0000 mm;0.0000 mm;9.7751 mm;0.0000 mm;0.0000 mm;0.0000 mm;0.0000 mm;18.2041 mm;
280;"Net-(U15-XI)";4;0;0.0000 mm;9.6076 mm;0.0000 mm;9.6076 mm;9.6076 mm;0.0000 mm;0.0000 mm;0.0000 mm;0.0000 mm;0.0000 mm;0.0000 mm;0.0000 mm;0.0000 mm;0.0000 mm;0.0000 mm;0.0000 mm;
281;"Net-(U15-XO)";4;0;0.0000 mm;6.1204 mm;0.0000 mm;6.1204 mm;6.1204 mm;0.0000 mm;0.0000 mm;0.0000 mm;0.0000 mm;0.0000 mm;0.0000 mm;0.0000 mm;0.0000 mm;0.0000 mm;0.0000 mm;0.0000 mm;
282;"Net-(D9-C_{R})";2;0;0.0000 mm;2.9525 mm;0.0000 mm;2.9525 mm;2.9525 mm;0.0000 mm;0.0000 mm;0.0000 mm;0.0000 mm;0.0000 mm;0.0000 mm;0.0000 mm;0.0000 mm;0.0000 mm;0.0000 mm;0.0000 mm;
283;"Net-(D9-C_{G})";2;0;0.0000 mm;2.1740 mm;0.0000 mm;2.1740 mm;2.1740 mm;0.0000 mm;0.0000 mm;0.0000 mm;0.0000 mm;0.0000 mm;0.0000 mm;0.0000 mm;0.0000 mm;0.0000 mm;0.0000 mm;0.0000 mm;
284;"Net-(C221-Pad1)";4;0;0.0000 mm;4.4995 mm;0.0000 mm;4.4995 mm;4.4995 mm;0.0000 mm;0.0000 mm;0.0000 mm;0.0000 mm;0.0000 mm;0.0000 mm;0.0000 mm;0.0000 mm;0.0000 mm;0.0000 mm;0.0000 mm;
285;"Net-(D1-Pad2)";2;0;0.0000 mm;1.5388 mm;0.0000 mm;1.5388 mm;1.5388 mm;0.0000 mm;0.0000 mm;0.0000 mm;0.0000 mm;0.0000 mm;0.0000 mm;0.0000 mm;0.0000 mm;0.0000 mm;0.0000 mm;0.0000 mm;
286;"Net-(D2-Pad2)";2;0;0.0000 mm;1.5323 mm;0.0000 mm;1.5323 mm;1.5323 mm;0.0000 mm;0.0000 mm;0.0000 mm;0.0000 mm;0.0000 mm;0.0000 mm;0.0000 mm;0.0000 mm;0.0000 mm;0.0000 mm;0.0000 mm;
287;"Net-(D3-Pad2)";2;0;0.0000 mm;1.6904 mm;0.0000 mm;1.6904 mm;1.6904 mm;0.0000 mm;0.0000 mm;0.0000 mm;0.0000 mm;0.0000 mm;0.0000 mm;0.0000 mm;0.0000 mm;0.0000 mm;0.0000 mm;0.0000 mm;
288;"Net-(D4-Pad2)";2;0;0.0000 mm;2.2650 mm;0.0000 mm;2.2650 mm;2.2650 mm;0.0000 mm;0.0000 mm;0.0000 mm;0.0000 mm;0.0000 mm;0.0000 mm;0.0000 mm;0.0000 mm;0.0000 mm;0.0000 mm;0.0000 mm;
289;"Net-(D5-Pad2)";2;0;0.0000 mm;2.2650 mm;0.0000 mm;2.2650 mm;2.2650 mm;0.0000 mm;0.0000 mm;0.0000 mm;0.0000 mm;0.0000 mm;0.0000 mm;0.0000 mm;0.0000 mm;0.0000 mm;0.0000 mm;0.0000 mm;
290;"Net-(D6-Pad2)";2;0;0.0000 mm;2.2650 mm;0.0000 mm;2.2650 mm;2.2650 mm;0.0000 mm;0.0000 mm;0.0000 mm;0.0000 mm;0.0000 mm;0.0000 mm;0.0000 mm;0.0000 mm;0.0000 mm;0.0000 mm;0.0000 mm;
291;"Net-(D7-Pad2)";2;0;0.0000 mm;2.2650 mm;0.0000 mm;2.2650 mm;2.2650 mm;0.0000 mm;0.0000 mm;0.0000 mm;0.0000 mm;0.0000 mm;0.0000 mm;0.0000 mm;0.0000 mm;0.0000 mm;0.0000 mm;0.0000 mm;
292;"Net-(D9-C_{Y})";2;0;0.0000 mm;7.5827 mm;0.0000 mm;7.5827 mm;7.5827 mm;0.0000 mm;0.0000 mm;0.0000 mm;0.0000 mm;0.0000 mm;0.0000 mm;0.0000 mm;0.0000 mm;0.0000 mm;0.0000 mm;0.0000 mm;
293;"Net-(J2C-PWR_GOOD)";2;1;1.5550 mm;4.1918 mm;0.0000 mm;5.7468 mm;1.3490 mm;0.0000 mm;0.0000 mm;0.0000 mm;0.0000 mm;0.0000 mm;0.0000 mm;0.0000 mm;0.0000 mm;0.0000 mm;0.0000 mm;2.8428 mm;
294;"Net-(J2C-PWR_EN)";2;1;1.5550 mm;4.2146 mm;0.0000 mm;5.7696 mm;1.3464 mm;0.0000 mm;0.0000 mm;0.0000 mm;0.0000 mm;0.0000 mm;0.0000 mm;0.0000 mm;0.0000 mm;0.0000 mm;0.0000 mm;2.8682 mm;
295;"Net-(D10-Pad1)";2;0;0.0000 mm;1.0490 mm;0.0000 mm;1.0490 mm;1.0490 mm;0.0000 mm;0.0000 mm;0.0000 mm;0.0000 mm;0.0000 mm;0.0000 mm;0.0000 mm;0.0000 mm;0.0000 mm;0.0000 mm;0.0000 mm;
296;"Net-(D11-Pad1)";2;0;0.0000 mm;1.0494 mm;0.0000 mm;1.0494 mm;1.0494 mm;0.0000 mm;0.0000 mm;0.0000 mm;0.0000 mm;0.0000 mm;0.0000 mm;0.0000 mm;0.0000 mm;0.0000 mm;0.0000 mm;0.0000 mm;
297;"Net-(D12-Pad1)";2;0;0.0000 mm;1.0344 mm;0.0000 mm;1.0344 mm;1.0344 mm;0.0000 mm;0.0000 mm;0.0000 mm;0.0000 mm;0.0000 mm;0.0000 mm;0.0000 mm;0.0000 mm;0.0000 mm;0.0000 mm;0.0000 mm;
298;"Net-(D13-Pad1)";2;0;0.0000 mm;1.0494 mm;0.0000 mm;1.0494 mm;1.0494 mm;0.0000 mm;0.0000 mm;0.0000 mm;0.0000 mm;0.0000 mm;0.0000 mm;0.0000 mm;0.0000 mm;0.0000 mm;0.0000 mm;0.0000 mm;
301;"Net-(J3-CC_{1})";2;0;0.0000 mm;2.3732 mm;0.0000 mm;2.3732 mm;2.3732 mm;0.0000 mm;0.0000 mm;0.0000 mm;0.0000 mm;0.0000 mm;0.0000 mm;0.0000 mm;0.0000 mm;0.0000 mm;0.0000 mm;0.0000 mm;
303;"Net-(J3-CC_{2})";2;0;0.0000 mm;2.1947 mm;0.0000 mm;2.1947 mm;2.1947 mm;0.0000 mm;0.0000 mm;0.0000 mm;0.0000 mm;0.0000 mm;0.0000 mm;0.0000 mm;0.0000 mm;0.0000 mm;0.0000 mm;0.0000 mm;
305;"Net-(J5-CD_SW1)";2;0;0.0000 mm;2.0810 mm;0.0000 mm;2.0810 mm;2.0810 mm;0.0000 mm;0.0000 mm;0.0000 mm;0.0000 mm;0.0000 mm;0.0000 mm;0.0000 mm;0.0000 mm;0.0000 mm;0.0000 mm;0.0000 mm;
310;"Net-(J6-LED_GRN+)";2;0;0.0000 mm;3.2494 mm;0.0000 mm;3.2494 mm;0.0000 mm;0.0000 mm;0.0000 mm;0.0000 mm;0.0000 mm;0.0000 mm;0.0000 mm;0.0000 mm;0.0000 mm;0.0000 mm;0.0000 mm;3.2494 mm;
311;"Net-(J6-LED_YEL+)";2;0;0.0000 mm;2.0851 mm;0.0000 mm;2.0851 mm;0.0000 mm;0.0000 mm;0.0000 mm;0.0000 mm;0.0000 mm;0.0000 mm;0.0000 mm;0.0000 mm;0.0000 mm;0.0000 mm;0.0000 mm;2.0851 mm;
313;"Net-(J8-Pin_4)";3;1;1.5550 mm;4.8165 mm;0.0000 mm;6.3715 mm;4.1099 mm;0.0000 mm;0.0000 mm;0.0000 mm;0.0000 mm;0.0000 mm;0.0000 mm;0.0000 mm;0.0000 mm;0.0000 mm;0.0000 mm;0.7066 mm;
328;"Net-(Q1-D)";2;0;0.0000 mm;0.9650 mm;0.0000 mm;0.9650 mm;0.9650 mm;0.0000 mm;0.0000 mm;0.0000 mm;0.0000 mm;0.0000 mm;0.0000 mm;0.0000 mm;0.0000 mm;0.0000 mm;0.0000 mm;0.0000 mm;
329;"/FPGA bank 16/SD.DAT2";5;2;2.3915 mm;49.4363 mm;20.9130 mm;72.7408 mm;5.1718 mm;0.0000 mm;0.0000 mm;0.0000 mm;0.0000 mm;0.0000 mm;43.4788 mm;0.0000 mm;0.0000 mm;0.0000 mm;0.0000 mm;0.7857 mm;
330;"Net-(Q2-D)";2;0;0.0000 mm;1.0958 mm;0.0000 mm;1.0958 mm;1.0958 mm;0.0000 mm;0.0000 mm;0.0000 mm;0.0000 mm;0.0000 mm;0.0000 mm;0.0000 mm;0.0000 mm;0.0000 mm;0.0000 mm;0.0000 mm;
331;"Net-(Q3-D)";2;0;0.0000 mm;1.0958 mm;0.0000 mm;1.0958 mm;1.0958 mm;0.0000 mm;0.0000 mm;0.0000 mm;0.0000 mm;0.0000 mm;0.0000 mm;0.0000 mm;0.0000 mm;0.0000 mm;0.0000 mm;0.0000 mm;
332;"Net-(Q4-D)";2;0;0.0000 mm;1.5650 mm;0.0000 mm;1.5650 mm;1.5650 mm;0.0000 mm;0.0000 mm;0.0000 mm;0.0000 mm;0.0000 mm;0.0000 mm;0.0000 mm;0.0000 mm;0.0000 mm;0.0000 mm;0.0000 mm;
333;"Net-(Q5-D)";2;0;0.0000 mm;1.5650 mm;0.0000 mm;1.5650 mm;1.5650 mm;0.0000 mm;0.0000 mm;0.0000 mm;0.0000 mm;0.0000 mm;0.0000 mm;0.0000 mm;0.0000 mm;0.0000 mm;0.0000 mm;0.0000 mm;
334;"Net-(Q6-D)";2;0;0.0000 mm;1.5650 mm;0.0000 mm;1.5650 mm;1.5650 mm;0.0000 mm;0.0000 mm;0.0000 mm;0.0000 mm;0.0000 mm;0.0000 mm;0.0000 mm;0.0000 mm;0.0000 mm;0.0000 mm;0.0000 mm;
335;"Net-(Q7-D)";2;0;0.0000 mm;1.5650 mm;0.0000 mm;1.5650 mm;1.5650 mm;0.0000 mm;0.0000 mm;0.0000 mm;0.0000 mm;0.0000 mm;0.0000 mm;0.0000 mm;0.0000 mm;0.0000 mm;0.0000 mm;0.0000 mm;
336;"Net-(Q8-D)";2;0;0.0000 mm;1.5650 mm;0.0000 mm;1.5650 mm;1.5650 mm;0.0000 mm;0.0000 mm;0.0000 mm;0.0000 mm;0.0000 mm;0.0000 mm;0.0000 mm;0.0000 mm;0.0000 mm;0.0000 mm;0.0000 mm;
337;"Net-(Q9-D)";2;0;0.0000 mm;1.3145 mm;0.0000 mm;1.3145 mm;1.3145 mm;0.0000 mm;0.0000 mm;0.0000 mm;0.0000 mm;0.0000 mm;0.0000 mm;0.0000 mm;0.0000 mm;0.0000 mm;0.0000 mm;0.0000 mm;
338;"Net-(Q10-D)";2;0;0.0000 mm;1.3414 mm;0.0000 mm;1.3414 mm;1.3414 mm;0.0000 mm;0.0000 mm;0.0000 mm;0.0000 mm;0.0000 mm;0.0000 mm;0.0000 mm;0.0000 mm;0.0000 mm;0.0000 mm;0.0000 mm;
339;"/HyperRAM + QSPI Flash/IO3";3;1;1.5550 mm;7.1551 mm;0.0000 mm;8.7101 mm;6.4818 mm;0.0000 mm;0.0000 mm;0.0000 mm;0.0000 mm;0.0000 mm;0.0000 mm;0.0000 mm;0.0000 mm;0.0000 mm;0.0000 mm;0.6733 mm;
340;"/HyperRAM + QSPI Flash/IO2";3;1;1.5550 mm;8.6034 mm;0.0000 mm;10.1584 mm;7.8484 mm;0.0000 mm;0.0000 mm;0.0000 mm;0.0000 mm;0.0000 mm;0.0000 mm;0.0000 mm;0.0000 mm;0.0000 mm;0.0000 mm;0.7550 mm;
341;"/HyperRAM + QSPI Flash/IO0";2;0;0.0000 mm;9.0655 mm;0.0000 mm;9.0655 mm;9.0655 mm;0.0000 mm;0.0000 mm;0.0000 mm;0.0000 mm;0.0000 mm;0.0000 mm;0.0000 mm;0.0000 mm;0.0000 mm;0.0000 mm;0.0000 mm;
342;"/HyperRAM + QSPI Flash/IO1";2;0;0.0000 mm;7.0481 mm;0.0000 mm;7.0481 mm;7.0481 mm;0.0000 mm;0.0000 mm;0.0000 mm;0.0000 mm;0.0000 mm;0.0000 mm;0.0000 mm;0.0000 mm;0.0000 mm;0.0000 mm;0.0000 mm;
343;"Net-(Q11-D)";2;0;0.0000 mm;1.3000 mm;0.0000 mm;1.3000 mm;1.3000 mm;0.0000 mm;0.0000 mm;0.0000 mm;0.0000 mm;0.0000 mm;0.0000 mm;0.0000 mm;0.0000 mm;0.0000 mm;0.0000 mm;0.0000 mm;
344;"Net-(Q12-G)";2;0;0.0000 mm;5.8892 mm;0.0000 mm;5.8892 mm;5.8892 mm;0.0000 mm;0.0000 mm;0.0000 mm;0.0000 mm;0.0000 mm;0.0000 mm;0.0000 mm;0.0000 mm;0.0000 mm;0.0000 mm;0.0000 mm;
346;"Net-(Q16-D)";3;1;1.5550 mm;7.7419 mm;0.0000 mm;9.2969 mm;5.9064 mm;0.0000 mm;0.0000 mm;0.0000 mm;0.0000 mm;0.0000 mm;0.0000 mm;0.0000 mm;0.0000 mm;0.0000 mm;0.0000 mm;1.8355 mm;
347;"Net-(Q17-G)";2;0;0.0000 mm;4.6826 mm;0.0000 mm;4.6826 mm;4.6826 mm;0.0000 mm;0.0000 mm;0.0000 mm;0.0000 mm;0.0000 mm;0.0000 mm;0.0000 mm;0.0000 mm;0.0000 mm;0.0000 mm;0.0000 mm;
348;"Net-(U4J-MGTRREF_115)";2;1;1.5550 mm;1.4163 mm;11.0450 mm;14.0163 mm;0.7064 mm;0.0000 mm;0.0000 mm;0.0000 mm;0.0000 mm;0.0000 mm;0.0000 mm;0.0000 mm;0.0000 mm;0.0000 mm;0.0000 mm;0.7099 mm;
349;"Net-(U6-~{RESET})";2;0;0.0000 mm;3.7090 mm;0.0000 mm;3.7090 mm;3.7090 mm;0.0000 mm;0.0000 mm;0.0000 mm;0.0000 mm;0.0000 mm;0.0000 mm;0.0000 mm;0.0000 mm;0.0000 mm;0.0000 mm;0.0000 mm;
350;"/FPGA bank 16/SD.DAT3";5;2;2.3915 mm;51.4110 mm;18.6660 mm;72.4685 mm;5.0193 mm;0.0000 mm;0.0000 mm;0.0000 mm;0.0000 mm;0.0000 mm;45.3024 mm;0.0000 mm;0.0000 mm;0.0000 mm;0.0000 mm;1.0893 mm;
351;"/FPGA bank 16/SD.CMD";5;2;2.3915 mm;50.0709 mm;19.9720 mm;72.4344 mm;5.0478 mm;0.0000 mm;0.0000 mm;0.0000 mm;0.0000 mm;0.0000 mm;43.9046 mm;0.0000 mm;0.0000 mm;0.0000 mm;0.0000 mm;1.1186 mm;
352;"/FPGA bank 16/SD.CLK";5;2;2.3915 mm;52.9245 mm;17.1420 mm;72.4580 mm;6.1902 mm;0.0000 mm;0.0000 mm;0.0000 mm;0.0000 mm;0.0000 mm;45.7572 mm;0.0000 mm;0.0000 mm;0.0000 mm;0.0000 mm;0.9771 mm;
353;"/FPGA bank 16/SD.DAT0";5;2;2.3915 mm;54.3154 mm;17.1650 mm;73.8719 mm;5.3577 mm;0.0000 mm;0.0000 mm;0.0000 mm;0.0000 mm;0.0000 mm;47.8680 mm;0.0000 mm;0.0000 mm;0.0000 mm;0.0000 mm;1.0896 mm;
354;"Net-(U6-REF)";2;0;0.0000 mm;3.1897 mm;0.0000 mm;3.1897 mm;3.1897 mm;0.0000 mm;0.0000 mm;0.0000 mm;0.0000 mm;0.0000 mm;0.0000 mm;0.0000 mm;0.0000 mm;0.0000 mm;0.0000 mm;0.0000 mm;
355;"Net-(R96-Pad2)";7;6;9.3300 mm;24.4427 mm;0.0000 mm;33.7727 mm;4.2384 mm;0.0000 mm;0.0000 mm;0.0000 mm;0.0000 mm;0.0000 mm;0.0000 mm;0.0000 mm;0.0000 mm;0.0000 mm;0.0000 mm;20.2043 mm;
356;"Net-(R97-Pad2)";7;6;9.3300 mm;22.3513 mm;0.0000 mm;31.6813 mm;4.2384 mm;0.0000 mm;0.0000 mm;0.0000 mm;0.0000 mm;0.0000 mm;0.0000 mm;0.0000 mm;0.0000 mm;0.0000 mm;0.0000 mm;18.1129 mm;
357;"Net-(U7-B1Y)";2;0;0.0000 mm;1.4765 mm;0.0000 mm;1.4765 mm;1.4765 mm;0.0000 mm;0.0000 mm;0.0000 mm;0.0000 mm;0.0000 mm;0.0000 mm;0.0000 mm;0.0000 mm;0.0000 mm;0.0000 mm;0.0000 mm;
358;"Net-(R129-Pad1)";3;0;0.0000 mm;3.1523 mm;0.0000 mm;3.1523 mm;0.0000 mm;0.0000 mm;0.0000 mm;0.0000 mm;0.0000 mm;0.0000 mm;0.0000 mm;0.0000 mm;0.0000 mm;0.0000 mm;0.0000 mm;3.1523 mm;
359;"Net-(U7-B2Y)";2;0;0.0000 mm;1.2074 mm;0.0000 mm;1.2074 mm;1.2074 mm;0.0000 mm;0.0000 mm;0.0000 mm;0.0000 mm;0.0000 mm;0.0000 mm;0.0000 mm;0.0000 mm;0.0000 mm;0.0000 mm;0.0000 mm;
360;"Net-(U7-B3Y)";2;0;0.0000 mm;1.3620 mm;0.0000 mm;1.3620 mm;1.3620 mm;0.0000 mm;0.0000 mm;0.0000 mm;0.0000 mm;0.0000 mm;0.0000 mm;0.0000 mm;0.0000 mm;0.0000 mm;0.0000 mm;0.0000 mm;
361;"Net-(U7-B4)";2;0;0.0000 mm;1.7354 mm;0.0000 mm;1.7354 mm;1.7354 mm;0.0000 mm;0.0000 mm;0.0000 mm;0.0000 mm;0.0000 mm;0.0000 mm;0.0000 mm;0.0000 mm;0.0000 mm;0.0000 mm;0.0000 mm;
362;"Net-(U13-OE)";3;0;0.0000 mm;2.5545 mm;0.0000 mm;2.5545 mm;2.5545 mm;0.0000 mm;0.0000 mm;0.0000 mm;0.0000 mm;0.0000 mm;0.0000 mm;0.0000 mm;0.0000 mm;0.0000 mm;0.0000 mm;0.0000 mm;
363;"Net-(U15-ISET)";2;0;0.0000 mm;3.2307 mm;0.0000 mm;3.2307 mm;3.2307 mm;0.0000 mm;0.0000 mm;0.0000 mm;0.0000 mm;0.0000 mm;0.0000 mm;0.0000 mm;0.0000 mm;0.0000 mm;0.0000 mm;0.0000 mm;
364;"Net-(U25-~{PWRDN})";2;0;0.0000 mm;1.3825 mm;0.0000 mm;1.3825 mm;1.3825 mm;0.0000 mm;0.0000 mm;0.0000 mm;0.0000 mm;0.0000 mm;0.0000 mm;0.0000 mm;0.0000 mm;0.0000 mm;0.0000 mm;0.0000 mm;
365;"Net-(U30-~{PWRDN})";2;0;0.0000 mm;1.3825 mm;0.0000 mm;1.3825 mm;1.3825 mm;0.0000 mm;0.0000 mm;0.0000 mm;0.0000 mm;0.0000 mm;0.0000 mm;0.0000 mm;0.0000 mm;0.0000 mm;0.0000 mm;0.0000 mm;
366;"Net-(U16-EN)";2;0;0.0000 mm;1.7372 mm;0.0000 mm;1.7372 mm;1.7372 mm;0.0000 mm;0.0000 mm;0.0000 mm;0.0000 mm;0.0000 mm;0.0000 mm;0.0000 mm;0.0000 mm;0.0000 mm;0.0000 mm;0.0000 mm;
572;"Net-(C133-Pad1)";6;0;0.0000 mm;20.6006 mm;0.0000 mm;20.6006 mm;20.6006 mm;0.0000 mm;0.0000 mm;0.0000 mm;0.0000 mm;0.0000 mm;0.0000 mm;0.0000 mm;0.0000 mm;0.0000 mm;0.0000 mm;0.0000 mm;
573;"/FPGA bank 16/SD.DAT1";5;2;2.3915 mm;52.3026 mm;17.8010 mm;72.4951 mm;5.4703 mm;0.0000 mm;0.0000 mm;0.0000 mm;0.0000 mm;0.0000 mm;45.7345 mm;0.0000 mm;0.0000 mm;0.0000 mm;0.0000 mm;1.0978 mm;
574;"/Supply/12V_aux_fused";5;0;0.0000 mm;0.0000 mm;0.0000 mm;0.0000 mm;0.0000 mm;0.0000 mm;0.0000 mm;0.0000 mm;0.0000 mm;0.0000 mm;0.0000 mm;0.0000 mm;0.0000 mm;0.0000 mm;0.0000 mm;0.0000 mm;
575;"/Supply/12V_aux";3;0;0.0000 mm;2.4772 mm;0.0000 mm;2.4772 mm;0.0000 mm;0.0000 mm;0.0000 mm;0.0000 mm;0.0000 mm;0.0000 mm;0.0000 mm;0.0000 mm;0.0000 mm;0.0000 mm;0.0000 mm;2.4772 mm;
580;"/Ethernet/LED_SPD";4;2;3.1100 mm;29.9452 mm;0.0000 mm;33.0552 mm;20.7552 mm;0.0000 mm;0.0000 mm;0.0000 mm;0.0000 mm;0.0000 mm;0.0000 mm;0.0000 mm;0.0000 mm;0.0000 mm;0.0000 mm;9.1900 mm;
581;"/Ethernet/LED_LINK";4;2;3.1100 mm;39.1663 mm;0.0000 mm;42.2763 mm;27.5909 mm;0.0000 mm;0.0000 mm;0.0000 mm;0.0000 mm;0.0000 mm;0.0000 mm;0.0000 mm;0.0000 mm;0.0000 mm;0.0000 mm;11.5755 mm;
582;"/FPGA bank 14/PUDC_B";4;1;1.5550 mm;5.4893 mm;23.8940 mm;30.9383 mm;0.7064 mm;0.0000 mm;0.0000 mm;0.0000 mm;0.0000 mm;0.0000 mm;0.0000 mm;0.0000 mm;0.0000 mm;0.0000 mm;0.0000 mm;4.7829 mm;
583;"/FPGA Config/DONE";3;2;1.1210 mm;69.7818 mm;33.7260 mm;104.6288 mm;4.5369 mm;0.0000 mm;0.0000 mm;0.0000 mm;65.2448 mm;0.0000 mm;0.0000 mm;0.0000 mm;0.0000 mm;0.0000 mm;0.0000 mm;0.0000 mm;
584;"/FPGA Config/INIT_B";3;2;1.1210 mm;66.6713 mm;30.6020 mm;98.3943 mm;4.4962 mm;0.0000 mm;0.0000 mm;0.0000 mm;62.1750 mm;0.0000 mm;0.0000 mm;0.0000 mm;0.0000 mm;0.0000 mm;0.0000 mm;0.0000 mm;
585;"/FPGA bank 14/USR_LED1";2;2;1.1210 mm;60.6051 mm;20.7350 mm;82.4611 mm;1.4364 mm;0.0000 mm;0.0000 mm;0.0000 mm;59.1687 mm;0.0000 mm;0.0000 mm;0.0000 mm;0.0000 mm;0.0000 mm;0.0000 mm;0.0000 mm;
587;"/FPGA bank 14/USR_LED3";2;2;1.1210 mm;53.9917 mm;22.1950 mm;77.3077 mm;1.4364 mm;0.0000 mm;0.0000 mm;0.0000 mm;52.5553 mm;0.0000 mm;0.0000 mm;0.0000 mm;0.0000 mm;0.0000 mm;0.0000 mm;0.0000 mm;
589;"/FPGA bank 14/USR_LED2";2;2;1.1210 mm;55.7314 mm;20.8810 mm;77.7334 mm;1.4364 mm;0.0000 mm;0.0000 mm;0.0000 mm;54.2950 mm;0.0000 mm;0.0000 mm;0.0000 mm;0.0000 mm;0.0000 mm;0.0000 mm;0.0000 mm;
591;"/FPGA bank 14/USR_LED4";2;2;1.1210 mm;55.9195 mm;22.2280 mm;79.2685 mm;1.4364 mm;0.0000 mm;0.0000 mm;0.0000 mm;54.4831 mm;0.0000 mm;0.0000 mm;0.0000 mm;0.0000 mm;0.0000 mm;0.0000 mm;0.0000 mm;
592;"/FPGA bank 14/USR_LED5";2;2;1.1210 mm;58.1763 mm;20.6730 mm;79.9703 mm;1.4364 mm;0.0000 mm;0.0000 mm;0.0000 mm;56.7399 mm;0.0000 mm;0.0000 mm;0.0000 mm;0.0000 mm;0.0000 mm;0.0000 mm;0.0000 mm;
593;"/FPGA bank 12/HyperRAM.~{RESET}";3;2;2.3915 mm;17.7834 mm;13.8590 mm;34.0339 mm;1.4135 mm;0.0000 mm;0.0000 mm;0.0000 mm;0.0000 mm;0.0000 mm;15.6342 mm;0.0000 mm;0.0000 mm;0.0000 mm;0.0000 mm;0.7357 mm;
594;"/FPGA bank 12/HyperRAM.~{CS}";3;2;2.3915 mm;15.0509 mm;17.0280 mm;34.4704 mm;1.4135 mm;0.0000 mm;0.0000 mm;0.0000 mm;0.0000 mm;0.0000 mm;12.9224 mm;0.0000 mm;0.0000 mm;0.0000 mm;0.0000 mm;0.7150 mm;
595;"/FPGA Config/FLASH.~{CS}";3;2;2.3915 mm;8.8440 mm;20.7230 mm;31.9585 mm;1.7124 mm;0.0000 mm;0.0000 mm;0.0000 mm;0.0000 mm;0.0000 mm;6.4356 mm;0.0000 mm;0.0000 mm;0.0000 mm;0.0000 mm;0.6960 mm;
596;"/FPGA Config/FLASH.IO0";2;2;2.5410 mm;30.1828 mm;22.5180 mm;55.2418 mm;1.3214 mm;0.0000 mm;0.0000 mm;0.0000 mm;0.0000 mm;0.0000 mm;0.0000 mm;0.0000 mm;0.0000 mm;28.8615 mm;0.0000 mm;0.0000 mm;
597;"/FPGA Config/FLASH.IO1";2;2;2.5410 mm;30.8758 mm;23.8450 mm;57.2618 mm;1.3214 mm;0.0000 mm;0.0000 mm;0.0000 mm;0.0000 mm;0.0000 mm;0.0000 mm;0.0000 mm;0.0000 mm;29.5544 mm;0.0000 mm;0.0000 mm;
598;"/FPGA Config/FLASH.IO2";2;2;2.5410 mm;31.9960 mm;20.4000 mm;54.9370 mm;1.3214 mm;0.0000 mm;0.0000 mm;0.0000 mm;0.0000 mm;0.0000 mm;0.0000 mm;0.0000 mm;0.0000 mm;30.6746 mm;0.0000 mm;0.0000 mm;
599;"/FPGA Config/FLASH.IO3";2;2;2.5410 mm;32.7142 mm;21.4820 mm;56.7372 mm;1.3214 mm;0.0000 mm;0.0000 mm;0.0000 mm;0.0000 mm;0.0000 mm;0.0000 mm;0.0000 mm;0.0000 mm;31.3928 mm;0.0000 mm;0.0000 mm;
600;"/FPGA Config/FLASH.SCK";3;2;2.3915 mm;40.5487 mm;21.8310 mm;64.7712 mm;1.7124 mm;0.0000 mm;0.0000 mm;0.0000 mm;0.0000 mm;0.0000 mm;38.1460 mm;0.0000 mm;0.0000 mm;0.0000 mm;0.0000 mm;0.6903 mm;
601;"/FPGA Config/MODE2";3;2;2.1155 mm;32.7839 mm;16.7430 mm;51.6424 mm;1.6424 mm;0.0000 mm;0.0000 mm;0.0000 mm;30.3399 mm;0.0000 mm;0.0000 mm;0.0000 mm;0.0000 mm;0.0000 mm;0.0000 mm;0.8017 mm;
602;"/FPGA Config/MODE1";3;2;2.1155 mm;41.0203 mm;22.5740 mm;65.7098 mm;1.6424 mm;0.0000 mm;0.0000 mm;0.0000 mm;38.5774 mm;0.0000 mm;0.0000 mm;0.0000 mm;0.0000 mm;0.0000 mm;0.0000 mm;0.8004 mm;
603;"/FPGA Config/MODE0";3;3;3.1100 mm;25.9147 mm;20.8550 mm;49.8797 mm;1.6424 mm;0.0000 mm;0.0000 mm;0.0000 mm;23.4719 mm;0.0000 mm;0.0000 mm;0.0000 mm;0.0000 mm;0.0000 mm;0.0000 mm;0.8004 mm;
604;"/FPGA Config/PROGRAM_B";4;3;2.8255 mm;46.8084 mm;16.2760 mm;65.9099 mm;7.7387 mm;0.0000 mm;0.0000 mm;0.0000 mm;0.0000 mm;0.0000 mm;0.0000 mm;0.0000 mm;0.0000 mm;38.3261 mm;0.0000 mm;0.7435 mm;
605;"/FPGA Config/CFGBVS";2;1;1.5550 mm;1.4145 mm;14.1710 mm;17.1405 mm;0.7064 mm;0.0000 mm;0.0000 mm;0.0000 mm;0.0000 mm;0.0000 mm;0.0000 mm;0.0000 mm;0.0000 mm;0.0000 mm;0.0000 mm;0.7081 mm;
606;"/DDR5 SODIMM/Control.PWR_GOOD";2;2;1.5550 mm;69.3089 mm;13.9200 mm;84.7839 mm;0.7064 mm;0.0000 mm;0.0000 mm;0.0000 mm;0.0000 mm;0.0000 mm;0.0000 mm;0.0000 mm;0.0000 mm;67.9187 mm;0.0000 mm;0.6838 mm;
607;"/DDR5 SODIMM/Control.PWR_EN";2;2;1.8395 mm;69.6092 mm;11.3270 mm;82.7757 mm;0.7064 mm;0.0000 mm;0.0000 mm;0.0000 mm;0.0000 mm;0.0000 mm;0.0000 mm;0.0000 mm;0.0000 mm;68.1149 mm;0.0000 mm;0.7879 mm;
608;"/Debug FTDI/FTDI_UART0_TX";2;0;0.0000 mm;2.0595 mm;0.0000 mm;2.0595 mm;2.0595 mm;0.0000 mm;0.0000 mm;0.0000 mm;0.0000 mm;0.0000 mm;0.0000 mm;0.0000 mm;0.0000 mm;0.0000 mm;0.0000 mm;0.0000 mm;
609;"/Debug FTDI/UART0.RX";2;2;2.5410 mm;41.5859 mm;19.8920 mm;64.0189 mm;1.5342 mm;0.0000 mm;0.0000 mm;0.0000 mm;0.0000 mm;0.0000 mm;0.0000 mm;0.0000 mm;0.0000 mm;40.0517 mm;0.0000 mm;0.0000 mm;
610;"/Debug FTDI/FTDI_UART0_RX";2;0;0.0000 mm;1.9974 mm;0.0000 mm;1.9974 mm;1.9974 mm;0.0000 mm;0.0000 mm;0.0000 mm;0.0000 mm;0.0000 mm;0.0000 mm;0.0000 mm;0.0000 mm;0.0000 mm;0.0000 mm;0.0000 mm;
611;"/Debug FTDI/UART0.TX";2;2;2.5410 mm;41.4939 mm;20.9280 mm;64.9629 mm;1.2564 mm;0.0000 mm;0.0000 mm;0.0000 mm;0.0000 mm;0.0000 mm;0.0000 mm;0.0000 mm;0.0000 mm;40.2375 mm;0.0000 mm;0.0000 mm;
612;"/Debug FTDI/FTDI_UART1_TX";2;0;0.0000 mm;2.4347 mm;0.0000 mm;2.4347 mm;2.4347 mm;0.0000 mm;0.0000 mm;0.0000 mm;0.0000 mm;0.0000 mm;0.0000 mm;0.0000 mm;0.0000 mm;0.0000 mm;0.0000 mm;0.0000 mm;
613;"/Debug FTDI/UART1.RX";2;2;2.5410 mm;58.8444 mm;22.8970 mm;84.2824 mm;1.4485 mm;0.0000 mm;0.0000 mm;0.0000 mm;0.0000 mm;0.0000 mm;0.0000 mm;0.0000 mm;0.0000 mm;57.3959 mm;0.0000 mm;0.0000 mm;
614;"/Debug FTDI/FTDI_UART1_RX";2;2;3.1100 mm;6.7321 mm;0.0000 mm;9.8421 mm;2.8620 mm;0.0000 mm;0.0000 mm;0.0000 mm;0.0000 mm;0.0000 mm;0.0000 mm;0.0000 mm;0.0000 mm;0.0000 mm;0.0000 mm;3.8701 mm;
615;"/Debug FTDI/UART1.TX";2;2;2.5410 mm;62.9154 mm;21.8330 mm;87.2894 mm;1.4747 mm;0.0000 mm;0.0000 mm;0.0000 mm;0.0000 mm;0.0000 mm;0.0000 mm;0.0000 mm;0.0000 mm;61.4407 mm;0.0000 mm;0.0000 mm;
616;"/Debug FTDI/BDBUS0";3;2;3.1100 mm;13.3430 mm;0.0000 mm;16.4530 mm;2.7330 mm;0.0000 mm;0.0000 mm;0.0000 mm;0.0000 mm;0.0000 mm;0.0000 mm;0.0000 mm;0.0000 mm;0.0000 mm;0.0000 mm;10.6100 mm;
617;"/Debug FTDI/AUX.TCK";2;2;1.5550 mm;37.0558 mm;22.0560 mm;60.6668 mm;0.7064 mm;0.0000 mm;0.0000 mm;0.0000 mm;0.0000 mm;0.0000 mm;0.0000 mm;0.0000 mm;0.0000 mm;35.6344 mm;0.0000 mm;0.7150 mm;
618;"/Debug FTDI/BDBUS1";3;2;3.1100 mm;10.1384 mm;0.0000 mm;13.2484 mm;2.2330 mm;0.0000 mm;0.0000 mm;0.0000 mm;0.0000 mm;0.0000 mm;0.0000 mm;0.0000 mm;0.0000 mm;0.0000 mm;0.0000 mm;7.9054 mm;
619;"/Debug FTDI/AUX.TDI";2;2;1.5550 mm;36.9085 mm;20.3140 mm;58.7775 mm;0.7064 mm;0.0000 mm;0.0000 mm;0.0000 mm;0.0000 mm;0.0000 mm;0.0000 mm;0.0000 mm;0.0000 mm;34.8257 mm;0.0000 mm;1.3764 mm;
620;"/Debug FTDI/BDBUS2";3;2;3.1100 mm;8.9090 mm;0.0000 mm;12.0190 mm;2.2305 mm;0.0000 mm;0.0000 mm;0.0000 mm;0.0000 mm;0.0000 mm;0.0000 mm;0.0000 mm;0.0000 mm;0.0000 mm;0.0000 mm;6.6785 mm;
621;"/Debug FTDI/AUX.TDO";2;2;1.5550 mm;33.4922 mm;24.4320 mm;59.4792 mm;0.7064 mm;0.0000 mm;0.0000 mm;0.0000 mm;0.0000 mm;0.0000 mm;0.0000 mm;0.0000 mm;0.0000 mm;31.3258 mm;0.0000 mm;1.4600 mm;
622;"/Debug FTDI/BDBUS3";3;1;1.5550 mm;4.3869 mm;0.0000 mm;5.9419 mm;2.7698 mm;0.0000 mm;0.0000 mm;0.0000 mm;0.0000 mm;0.0000 mm;0.0000 mm;0.0000 mm;0.0000 mm;0.0000 mm;0.0000 mm;1.6171 mm;
623;"/Debug FTDI/AUX.TMS";2;2;1.5550 mm;33.5347 mm;20.8210 mm;55.9107 mm;0.7064 mm;0.0000 mm;0.0000 mm;0.0000 mm;0.0000 mm;0.0000 mm;0.0000 mm;0.0000 mm;0.0000 mm;30.7940 mm;0.0000 mm;2.0342 mm;
624;"/Debug FTDI/I2C_EN";3;1;1.5550 mm;4.2883 mm;0.0000 mm;5.8433 mm;2.7905 mm;0.0000 mm;0.0000 mm;0.0000 mm;0.0000 mm;0.0000 mm;0.0000 mm;0.0000 mm;0.0000 mm;0.0000 mm;0.0000 mm;1.4978 mm;
625;"/Debug FTDI/AUX.RST";2;2;1.5550 mm;30.1781 mm;19.7770 mm;51.5101 mm;0.7064 mm;0.0000 mm;0.0000 mm;0.0000 mm;0.0000 mm;0.0000 mm;0.0000 mm;0.0000 mm;0.0000 mm;28.4239 mm;0.0000 mm;1.0478 mm;
626;"/Debug FTDI/LED_TX0";2;0;0.0000 mm;2.8313 mm;0.0000 mm;2.8313 mm;2.8313 mm;0.0000 mm;0.0000 mm;0.0000 mm;0.0000 mm;0.0000 mm;0.0000 mm;0.0000 mm;0.0000 mm;0.0000 mm;0.0000 mm;0.0000 mm;
627;"/Debug FTDI/LED_RX0";2;0;0.0000 mm;1.4973 mm;0.0000 mm;1.4973 mm;1.4973 mm;0.0000 mm;0.0000 mm;0.0000 mm;0.0000 mm;0.0000 mm;0.0000 mm;0.0000 mm;0.0000 mm;0.0000 mm;0.0000 mm;0.0000 mm;
628;"/Debug FTDI/LED_TX1";2;0;0.0000 mm;2.1708 mm;0.0000 mm;2.1708 mm;2.1708 mm;0.0000 mm;0.0000 mm;0.0000 mm;0.0000 mm;0.0000 mm;0.0000 mm;0.0000 mm;0.0000 mm;0.0000 mm;0.0000 mm;0.0000 mm;
629;"/Debug FTDI/LED_RX1";2;0;0.0000 mm;3.1876 mm;0.0000 mm;3.1876 mm;3.1876 mm;0.0000 mm;0.0000 mm;0.0000 mm;0.0000 mm;0.0000 mm;0.0000 mm;0.0000 mm;0.0000 mm;0.0000 mm;0.0000 mm;0.0000 mm;
630;"/Debug FTDI/FTDI_PWREN";3;2;0.5690 mm;24.3615 mm;0.0000 mm;24.9305 mm;3.7310 mm;0.0000 mm;20.6305 mm;0.0000 mm;0.0000 mm;0.0000 mm;0.0000 mm;0.0000 mm;0.0000 mm;0.0000 mm;0.0000 mm;0.0000 mm;
631;"/FPGA bank 16/SD.CD";5;2;2.3915 mm;53.1279 mm;16.9240 mm;72.4434 mm;4.5851 mm;0.0000 mm;0.0000 mm;0.0000 mm;0.0000 mm;0.0000 mm;47.5752 mm;0.0000 mm;0.0000 mm;0.0000 mm;0.0000 mm;0.9675 mm;
632;"/Debug FTDI/FTDI_SCL";2;0;0.0000 mm;1.6291 mm;0.0000 mm;1.6291 mm;1.6291 mm;0.0000 mm;0.0000 mm;0.0000 mm;0.0000 mm;0.0000 mm;0.0000 mm;0.0000 mm;0.0000 mm;0.0000 mm;0.0000 mm;0.0000 mm;
633;"/Debug FTDI/FTDI.SCL";4;2;1.8395 mm;93.0504 mm;0.0000 mm;94.8899 mm;3.8366 mm;0.0000 mm;86.0155 mm;0.0000 mm;0.0000 mm;0.0000 mm;0.0000 mm;0.0000 mm;0.0000 mm;0.0000 mm;0.0000 mm;3.1982 mm;
634;"/Debug FTDI/FTDI.SDA";4;2;1.8395 mm;90.6980 mm;0.0000 mm;92.5375 mm;3.0217 mm;0.0000 mm;85.5400 mm;0.0000 mm;0.0000 mm;0.0000 mm;0.0000 mm;0.0000 mm;0.0000 mm;0.0000 mm;0.0000 mm;2.1363 mm;
635;"/Ethernet/ETH.RXD0";4;2;2.8255 mm;53.6568 mm;15.4500 mm;71.9323 mm;8.8244 mm;0.0000 mm;0.0000 mm;0.0000 mm;0.0000 mm;0.0000 mm;0.0000 mm;0.0000 mm;0.0000 mm;43.4171 mm;0.0000 mm;1.4154 mm;
636;"/Ethernet/ETH.RXD1";4;2;2.8255 mm;54.9998 mm;14.1070 mm;71.9323 mm;8.5816 mm;0.0000 mm;0.0000 mm;0.0000 mm;0.0000 mm;0.0000 mm;0.0000 mm;0.0000 mm;0.0000 mm;45.0028 mm;0.0000 mm;1.4154 mm;
637;"/Ethernet/ETH.RXD2";4;2;2.8255 mm;53.8771 mm;15.2190 mm;71.9216 mm;8.8117 mm;0.0000 mm;0.0000 mm;0.0000 mm;0.0000 mm;0.0000 mm;0.0000 mm;0.0000 mm;0.0000 mm;43.6604 mm;0.0000 mm;1.4050 mm;
638;"/Ethernet/ETH.RXD3";4;2;2.8255 mm;54.9346 mm;14.1620 mm;71.9221 mm;8.6483 mm;0.0000 mm;0.0000 mm;0.0000 mm;0.0000 mm;0.0000 mm;0.0000 mm;0.0000 mm;0.0000 mm;44.8812 mm;0.0000 mm;1.4050 mm;
639;"/Ethernet/ETH.RX_CTL";4;2;2.8255 mm;54.9363 mm;14.1350 mm;71.8968 mm;11.3246 mm;0.0000 mm;0.0000 mm;0.0000 mm;0.0000 mm;0.0000 mm;0.0000 mm;0.0000 mm;0.0000 mm;42.2317 mm;0.0000 mm;1.3800 mm;
640;"/Ethernet/ETH.RXC";4;2;2.8255 mm;56.4146 mm;12.6920 mm;71.9321 mm;8.8473 mm;0.0000 mm;0.0000 mm;0.0000 mm;0.0000 mm;0.0000 mm;0.0000 mm;0.0000 mm;0.0000 mm;46.1519 mm;0.0000 mm;1.4154 mm;
641;"/Ethernet/ETH.REF_CLK";4;2;2.8255 mm;55.4571 mm;13.8630 mm;72.1456 mm;1.5930 mm;0.0000 mm;0.0000 mm;0.0000 mm;0.0000 mm;0.0000 mm;0.0000 mm;0.0000 mm;0.0000 mm;51.9489 mm;0.0000 mm;1.9153 mm;
642;"/Ethernet/ETH.MDIO";3;2;2.8255 mm;34.7334 mm;16.4870 mm;54.0459 mm;2.8406 mm;0.0000 mm;0.0000 mm;0.0000 mm;0.0000 mm;0.0000 mm;0.0000 mm;0.0000 mm;0.0000 mm;31.1109 mm;0.0000 mm;0.7819 mm;
643;"/Ethernet/ETH.~{RESET}";3;2;2.8255 mm;43.1316 mm;11.6870 mm;57.6441 mm;1.9680 mm;0.0000 mm;0.0000 mm;0.0000 mm;0.0000 mm;0.0000 mm;0.0000 mm;0.0000 mm;0.0000 mm;40.2769 mm;0.0000 mm;0.8867 mm;
644;"/FPGA bank 14/FPGA_DDR.SCL";5;3;2.4000 mm;142.9702 mm;20.4230 mm;165.7932 mm;6.6030 mm;0.0000 mm;74.0519 mm;0.0000 mm;59.4275 mm;0.0000 mm;0.0000 mm;0.0000 mm;0.0000 mm;0.0000 mm;0.0000 mm;2.8878 mm;
645;"/FPGA bank 14/FPGA_DDR.SDA";5;3;2.4000 mm;150.1803 mm;24.3940 mm;176.9743 mm;14.9090 mm;0.0000 mm;66.3651 mm;0.0000 mm;64.7282 mm;0.0000 mm;0.0000 mm;0.0000 mm;0.0000 mm;0.0000 mm;0.0000 mm;4.1779 mm;
646;"/FPGA banks HP/VRN";2;1;1.5550 mm;1.4135 mm;7.6010 mm;10.5695 mm;0.7064 mm;0.0000 mm;0.0000 mm;0.0000 mm;0.0000 mm;0.0000 mm;0.0000 mm;0.0000 mm;0.0000 mm;0.0000 mm;0.0000 mm;0.7071 mm;
647;"/FPGA banks HP/VRP";2;1;1.5550 mm;1.4135 mm;8.3640 mm;11.3325 mm;0.7064 mm;0.0000 mm;0.0000 mm;0.0000 mm;0.0000 mm;0.0000 mm;0.0000 mm;0.0000 mm;0.0000 mm;0.0000 mm;0.0000 mm;0.7071 mm;
648;"IN1";4;2;3.1100 mm;52.3646 mm;0.0000 mm;55.4746 mm;7.3256 mm;0.0000 mm;0.0000 mm;0.0000 mm;0.0000 mm;0.0000 mm;0.0000 mm;0.0000 mm;0.0000 mm;0.0000 mm;0.0000 mm;45.0390 mm;
649;"IN2";4;2;3.1100 mm;52.8469 mm;0.0000 mm;55.9569 mm;8.3458 mm;0.0000 mm;0.0000 mm;0.0000 mm;0.0000 mm;0.0000 mm;0.0000 mm;0.0000 mm;0.0000 mm;0.0000 mm;0.0000 mm;44.5011 mm;
650;"/FPGA bank 14/FPGA_PWR.SDA";4;2;2.1155 mm;70.5531 mm;19.0200 mm;91.6886 mm;1.4819 mm;0.0000 mm;0.0000 mm;0.0000 mm;67.0905 mm;0.0000 mm;0.0000 mm;0.0000 mm;0.0000 mm;0.0000 mm;0.0000 mm;1.9807 mm;
651;"/FPGA bank 14/FPGA_PWR.SCL";4;2;2.1155 mm;65.0782 mm;20.8410 mm;88.0347 mm;1.4819 mm;0.0000 mm;0.0000 mm;0.0000 mm;61.7313 mm;0.0000 mm;0.0000 mm;0.0000 mm;0.0000 mm;0.0000 mm;0.0000 mm;1.8650 mm;
652;"/I^{2}C/PWR.SDA";8;5;6.7805 mm;104.4249 mm;0.0000 mm;111.2054 mm;5.0115 mm;0.0000 mm;0.0000 mm;0.0000 mm;33.1286 mm;0.0000 mm;0.0000 mm;0.0000 mm;0.0000 mm;0.0000 mm;0.0000 mm;66.2849 mm;
653;"/I^{2}C/PWR.SCL";8;5;5.7860 mm;82.7995 mm;0.0000 mm;88.5855 mm;4.9157 mm;0.0000 mm;0.0000 mm;0.0000 mm;35.5275 mm;0.0000 mm;0.0000 mm;0.0000 mm;0.0000 mm;0.0000 mm;0.0000 mm;42.3563 mm;
654;"/Debug FTDI/FTDI_JTAG_RST";2;1;1.5550 mm;2.0309 mm;0.0000 mm;3.5859 mm;0.8805 mm;0.0000 mm;0.0000 mm;0.0000 mm;0.0000 mm;0.0000 mm;0.0000 mm;0.0000 mm;0.0000 mm;0.0000 mm;0.0000 mm;1.1504 mm;
655;"/FPGA bank 12/HyperRAM.CK_N";2;2;1.6730 mm;29.8832 mm;17.9070 mm;49.4632 mm;1.4135 mm;0.0000 mm;0.0000 mm;0.0000 mm;0.0000 mm;0.0000 mm;28.4697 mm;0.0000 mm;0.0000 mm;0.0000 mm;0.0000 mm;0.0000 mm;
656;"/FPGA bank 12/HyperRAM.CK_P";2;2;1.6730 mm;30.0832 mm;17.7070 mm;49.4632 mm;1.4135 mm;0.0000 mm;0.0000 mm;0.0000 mm;0.0000 mm;0.0000 mm;28.6697 mm;0.0000 mm;0.0000 mm;0.0000 mm;0.0000 mm;0.0000 mm;
657;"/FPGA bank 12/HyperRAM.RWDS";2;2;1.6730 mm;33.2487 mm;14.5400 mm;49.4617 mm;1.4135 mm;0.0000 mm;0.0000 mm;0.0000 mm;0.0000 mm;0.0000 mm;31.8352 mm;0.0000 mm;0.0000 mm;0.0000 mm;0.0000 mm;0.0000 mm;
658;"/FPGA bank 12/HyperRAM.DQ2";2;2;1.6730 mm;29.9909 mm;17.7990 mm;49.4629 mm;1.4135 mm;0.0000 mm;0.0000 mm;0.0000 mm;0.0000 mm;0.0000 mm;28.5774 mm;0.0000 mm;0.0000 mm;0.0000 mm;0.0000 mm;0.0000 mm;
659;"/FPGA bank 12/HyperRAM.DQ1";2;2;1.6730 mm;31.5180 mm;16.2720 mm;49.4630 mm;1.4135 mm;0.0000 mm;0.0000 mm;0.0000 mm;0.0000 mm;0.0000 mm;30.1045 mm;0.0000 mm;0.0000 mm;0.0000 mm;0.0000 mm;0.0000 mm;
660;"/FPGA bank 12/HyperRAM.DQ0";2;2;1.6730 mm;30.6800 mm;17.1100 mm;49.4630 mm;1.4135 mm;0.0000 mm;0.0000 mm;0.0000 mm;0.0000 mm;0.0000 mm;29.2665 mm;0.0000 mm;0.0000 mm;0.0000 mm;0.0000 mm;0.0000 mm;
661;"/FPGA bank 12/HyperRAM.DQ3";2;2;1.6730 mm;34.1729 mm;13.6170 mm;49.4629 mm;1.4149 mm;0.0000 mm;0.0000 mm;0.0000 mm;0.0000 mm;0.0000 mm;32.7579 mm;0.0000 mm;0.0000 mm;0.0000 mm;0.0000 mm;0.0000 mm;
662;"/FPGA bank 12/HyperRAM.DQ4";2;2;1.6730 mm;31.5300 mm;16.2600 mm;49.4630 mm;1.4149 mm;0.0000 mm;0.0000 mm;0.0000 mm;0.0000 mm;0.0000 mm;30.1151 mm;0.0000 mm;0.0000 mm;0.0000 mm;0.0000 mm;0.0000 mm;
663;"/FPGA bank 12/HyperRAM.DQ7";2;2;1.6730 mm;33.1169 mm;14.6730 mm;49.4629 mm;1.4135 mm;0.0000 mm;0.0000 mm;0.0000 mm;0.0000 mm;0.0000 mm;31.7034 mm;0.0000 mm;0.0000 mm;0.0000 mm;0.0000 mm;0.0000 mm;
664;"/FPGA bank 12/HyperRAM.DQ6";2;2;1.6730 mm;31.3320 mm;16.4580 mm;49.4630 mm;1.4135 mm;0.0000 mm;0.0000 mm;0.0000 mm;0.0000 mm;0.0000 mm;29.9185 mm;0.0000 mm;0.0000 mm;0.0000 mm;0.0000 mm;0.0000 mm;
665;"/FPGA bank 12/HyperRAM.DQ5";2;2;1.6730 mm;29.1874 mm;18.6030 mm;49.4634 mm;1.3435 mm;0.0000 mm;0.0000 mm;0.0000 mm;0.0000 mm;0.0000 mm;27.8439 mm;0.0000 mm;0.0000 mm;0.0000 mm;0.0000 mm;0.0000 mm;
666;"/Ethernet/ETH.TXC";2;2;2.5410 mm;54.5725 mm;13.1190 mm;70.2325 mm;1.5006 mm;0.0000 mm;0.0000 mm;0.0000 mm;0.0000 mm;0.0000 mm;0.0000 mm;0.0000 mm;0.0000 mm;53.0719 mm;0.0000 mm;0.0000 mm;
667;"/Ethernet/ETH.MDC";2;2;2.5410 mm;35.4473 mm;15.1390 mm;53.1273 mm;1.6527 mm;0.0000 mm;0.0000 mm;0.0000 mm;0.0000 mm;0.0000 mm;0.0000 mm;0.0000 mm;0.0000 mm;33.7946 mm;0.0000 mm;0.0000 mm;
668;"/FPGA bank 16/GCLK100";2;0;0.0000 mm;9.0236 mm;19.3170 mm;28.3406 mm;9.0236 mm;0.0000 mm;0.0000 mm;0.0000 mm;0.0000 mm;0.0000 mm;0.0000 mm;0.0000 mm;0.0000 mm;0.0000 mm;0.0000 mm;0.0000 mm;
693;"/Ethernet/ETH.TX_CTL";2;2;2.5410 mm;44.9639 mm;15.4300 mm;62.9349 mm;8.9137 mm;0.0000 mm;0.0000 mm;0.0000 mm;0.0000 mm;0.0000 mm;0.0000 mm;0.0000 mm;0.0000 mm;36.0502 mm;0.0000 mm;0.0000 mm;
694;"/Ethernet/ETH.TXD0";2;2;2.5410 mm;54.6935 mm;13.1110 mm;70.3455 mm;1.7480 mm;0.0000 mm;0.0000 mm;0.0000 mm;0.0000 mm;0.0000 mm;0.0000 mm;0.0000 mm;0.0000 mm;52.9456 mm;0.0000 mm;0.0000 mm;
695;"/Ethernet/ETH.~{INT}";2;2;2.5410 mm;42.6237 mm;8.5850 mm;53.7497 mm;1.8834 mm;0.0000 mm;0.0000 mm;0.0000 mm;0.0000 mm;0.0000 mm;0.0000 mm;0.0000 mm;0.0000 mm;40.7404 mm;0.0000 mm;0.0000 mm;
696;"/Ethernet/ETH.TXD3";2;2;2.5410 mm;57.8274 mm;9.8640 mm;70.2324 mm;3.4980 mm;0.0000 mm;0.0000 mm;0.0000 mm;0.0000 mm;0.0000 mm;0.0000 mm;0.0000 mm;0.0000 mm;54.3293 mm;0.0000 mm;0.0000 mm;
697;"/Ethernet/ETH.TXD2";2;2;2.5410 mm;56.1204 mm;11.5710 mm;70.2324 mm;1.6322 mm;0.0000 mm;0.0000 mm;0.0000 mm;0.0000 mm;0.0000 mm;0.0000 mm;0.0000 mm;0.0000 mm;54.4881 mm;0.0000 mm;0.0000 mm;
698;"/Ethernet/ETH.TXD1";2;2;2.5410 mm;51.7436 mm;15.9800 mm;70.2646 mm;2.2128 mm;0.0000 mm;0.0000 mm;0.0000 mm;0.0000 mm;0.0000 mm;0.0000 mm;0.0000 mm;0.0000 mm;49.5308 mm;0.0000 mm;0.0000 mm;
699;"/Debug FTDI/FTDI_EECS";2;2;0.5690 mm;31.8923 mm;0.0000 mm;32.4613 mm;1.7571 mm;0.0000 mm;30.1352 mm;0.0000 mm;0.0000 mm;0.0000 mm;0.0000 mm;0.0000 mm;0.0000 mm;0.0000 mm;0.0000 mm;0.0000 mm;
700;"/Debug FTDI/FTDI_JTAG_TCK";2;2;3.1100 mm;5.0177 mm;0.0000 mm;8.1277 mm;2.2277 mm;0.0000 mm;0.0000 mm;0.0000 mm;0.0000 mm;0.0000 mm;0.0000 mm;0.0000 mm;0.0000 mm;0.0000 mm;0.0000 mm;2.7899 mm;
701;"/Debug FTDI/FTDI_JTAG_TDI";2;2;3.1100 mm;4.6298 mm;0.0000 mm;7.7398 mm;2.3020 mm;0.0000 mm;0.0000 mm;0.0000 mm;0.0000 mm;0.0000 mm;0.0000 mm;0.0000 mm;0.0000 mm;0.0000 mm;0.0000 mm;2.3278 mm;
702;"/Debug FTDI/FTDI_JTAG_TDO";2;0;0.0000 mm;3.6738 mm;0.0000 mm;3.6738 mm;3.6738 mm;0.0000 mm;0.0000 mm;0.0000 mm;0.0000 mm;0.0000 mm;0.0000 mm;0.0000 mm;0.0000 mm;0.0000 mm;0.0000 mm;0.0000 mm;
703;"/Debug FTDI/FTDI_JTAG_TMS";2;0;0.0000 mm;2.2966 mm;0.0000 mm;2.2966 mm;2.2966 mm;0.0000 mm;0.0000 mm;0.0000 mm;0.0000 mm;0.0000 mm;0.0000 mm;0.0000 mm;0.0000 mm;0.0000 mm;0.0000 mm;0.0000 mm;
705;"/Debug FTDI/FTDI_EEDAT";2;2;0.5690 mm;23.7617 mm;0.0000 mm;24.3307 mm;2.5463 mm;0.0000 mm;21.2154 mm;0.0000 mm;0.0000 mm;0.0000 mm;0.0000 mm;0.0000 mm;0.0000 mm;0.0000 mm;0.0000 mm;0.0000 mm;
706;"/Debug FTDI/FTDI_EECLK";2;2;0.5690 mm;27.9262 mm;0.0000 mm;28.4952 mm;3.1497 mm;0.0000 mm;24.7765 mm;0.0000 mm;0.0000 mm;0.0000 mm;0.0000 mm;0.0000 mm;0.0000 mm;0.0000 mm;0.0000 mm;0.0000 mm;
707;"Net-(U32-B1)";2;0;0.0000 mm;1.1908 mm;0.0000 mm;1.1908 mm;1.1908 mm;0.0000 mm;0.0000 mm;0.0000 mm;0.0000 mm;0.0000 mm;0.0000 mm;0.0000 mm;0.0000 mm;0.0000 mm;0.0000 mm;0.0000 mm;
708;"Net-(U32-B2)";2;0;0.0000 mm;1.1888 mm;0.0000 mm;1.1888 mm;1.1888 mm;0.0000 mm;0.0000 mm;0.0000 mm;0.0000 mm;0.0000 mm;0.0000 mm;0.0000 mm;0.0000 mm;0.0000 mm;0.0000 mm;0.0000 mm;
709;"Net-(U33-B1)";2;0;0.0000 mm;1.2207 mm;0.0000 mm;1.2207 mm;1.2207 mm;0.0000 mm;0.0000 mm;0.0000 mm;0.0000 mm;0.0000 mm;0.0000 mm;0.0000 mm;0.0000 mm;0.0000 mm;0.0000 mm;0.0000 mm;
710;"Net-(U33-B2)";2;0;0.0000 mm;1.1586 mm;0.0000 mm;1.1586 mm;1.1586 mm;0.0000 mm;0.0000 mm;0.0000 mm;0.0000 mm;0.0000 mm;0.0000 mm;0.0000 mm;0.0000 mm;0.0000 mm;0.0000 mm;0.0000 mm;
